Workbook

Sheet Colaboradores
A1: ID | B1: Idade | C1: Genero | D1: Area | E1: Cargo | F1: Turno | G1: TempoEmpresaMeses | H1: Salario | I1: Gestor | J1: Admissão | K1: DistanciaKm | L1: Onboarding | M1: HorasExtrasMes | N1: FaltasAno | O1: AvaliacaoDesempenho | P1: Desligado | Q1: Planta | R1: Data Ref | S1: Desligamento | T1: Semana | U1: Mês | V1: Ano
A2: 1780 | B2: 18 | C2: Feminino | D2: Soldagem | E2: Operador | F2: 1º Turno | G2: 55 | H2: 5622 | I2: Carlos | J2: 44084 | K2: 35 | L2: Não | M2: 4 | N2: 7 | O2: 2 | P2: Sim | Q2: 3 | R2: 46174 | S2: 45757 | T2: =TEXT($J2,"ddd") -> qui | U2: =TEXT($J2,"mmm") -> set | V2: =YEAR(J2) -> 2020 | W2: =_xlfn.XLOOKUP(A2,Absenteismo!A:A,Absenteismo!A:A,0) -> 1780
A3: 1361 | B3: 18 | C3: Masculino | D3: Soldagem | E3: Operador | F3: 2º Turno | G3: 44 | H3: 4310 | I3: Carlos | J3: 44476 | K3: 17 | L3: Não | M3: 30 | N3: 1 | O3: 2 | P3: Sim | Q3: 1 | R3: 46174 | S3: 45815 | T3: =TEXT($J3,"ddd") -> qui | U3: =TEXT($J3,"mmm") -> out | V3: =YEAR(J3) -> 2021 | W3: =_xlfn.XLOOKUP(A3,Absenteismo!A:A,Absenteismo!A:A,0) -> 1361
A4: 1180 | B4: 18 | C4: Feminino | D4: Soldagem | E4: Operador | F4: 1º Turno | G4: 55 | H4: 5622 | I4: Carlos | J4: 44342 | K4: 35 | L4: Não | M4: 4 | N4: 7 | O4: 2 | P4: Sim | Q4: 1 | R4: 46174 | S4: 46017 | T4: =TEXT($J4,"ddd") -> qua | U4: =TEXT($J4,"mmm") -> mai | V4: =YEAR(J4) -> 2021 | W4: =_xlfn.XLOOKUP(A4,Absenteismo!A:A,Absenteismo!A:A,0) -> 1180
A5: 1661 | B5: 18 | C5: Masculino | D5: Soldagem | E5: Operador | F5: 2º Turno | G5: 44 | H5: 4310 | I5: Carlos | J5: 44734 | K5: 17 | L5: Não | M5: 30 | N5: 1 | O5: 2 | P5: Sim | Q5: 1 | R5: 46174 | S5: 46075 | T5: =TEXT($J5,"ddd") -> qua | U5: =TEXT($J5,"mmm") -> jun | V5: =YEAR(J5) -> 2022 | W5: =_xlfn.XLOOKUP(A5,Absenteismo!A:A,Absenteismo!A:A,0) -> 1661
A6: 1061 | B6: 18 | C6: Masculino | D6: Soldagem | E6: Operador | F6: 2º Turno | G6: 44 | H6: 4310 | I6: Carlos | J6: 44762 | K6: 17 | L6: Não | M6: 30 | N6: 1 | O6: 2 | P6: Sim | Q6: 1 | R6: 46174 | S6: 46101 | T6: =TEXT($J6,"ddd") -> qua | U6: =TEXT($J6,"mmm") -> jul | V6: =YEAR(J6) -> 2022 | W6: =_xlfn.XLOOKUP(A6,Absenteismo!A:A,Absenteismo!A:A,0) -> 0
A7: 1480 | B7: 18 | C7: Feminino | D7: Soldagem | E7: Operador | F7: 1º Turno | G7: 55 | H7: 5622 | I7: Carlos | J7: 44522 | K7: 35 | L7: Não | M7: 4 | N7: 7 | O7: 2 | P7: Sim | Q7: 3 | R7: 46174 | S7: 46195 | T7: =TEXT($J7,"ddd") -> seg | U7: =TEXT($J7,"mmm") -> nov | V7: =YEAR(J7) -> 2021 | W7: =_xlfn.XLOOKUP(A7,Absenteismo!A:A,Absenteismo!A:A,0) -> 1480
A8: 1016 | B8: 18 | C8: Feminino | D8: Pintura | E8: Operador | F8: 1º Turno | G8: 30 | H8: 3352 | I8: Carlos | J8: 45220 | K8: 40 | L8: Sim | M8: 32 | N8: 3 | O8: 4 | P8: Não | Q8: 2 | R8: 46174 | T8: =TEXT($J8,"ddd") -> sáb | U8: =TEXT($J8,"mmm") -> out | V8: =YEAR(J8) -> 2023 | W8: =_xlfn.XLOOKUP(A8,Absenteismo!A:A,Absenteismo!A:A,0) -> 0
A9: 1316 | B9: 18 | C9: Feminino | D9: Pintura | E9: Operador | F9: 1º Turno | G9: 30 | H9: 3352 | I9: Carlos | J9: 45261 | K9: 56 | L9: Sim | M9: 32 | N9: 3 | O9: 4 | P9: Não | Q9: 2 | R9: 46174 | T9: =TEXT($J9,"ddd") -> sex | U9: =TEXT($J9,"mmm") -> dez | V9: =YEAR(J9) -> 2023 | W9: =_xlfn.XLOOKUP(A9,Absenteismo!A:A,Absenteismo!A:A,0) -> 1316
A10: 1616 | B10: 18 | C10: Feminino | D10: Pintura | E10: Operador | F10: 1º Turno | G10: 30 | H10: 3352 | I10: Carlos | J10: 44925 | K10: 56 | L10: Sim | M10: 32 | N10: 3 | O10: 4 | P10: Não | Q10: 3 | R10: 46174 | T10: =TEXT($J10,"ddd") -> sex | U10: =TEXT($J10,"mmm") -> dez | V10: =YEAR(J10) -> 2022 | W10: =_xlfn.XLOOKUP(A10,Absenteismo!A:A,Absenteismo!A:A,0) -> 1616
A11: 1916 | B11: 18 | C11: Feminino | D11: Pintura | E11: Operador | F11: 1º Turno | G11: 30 | H11: 3352 | I11: Carlos | J11: 45226 | K11: 56 | L11: Sim | M11: 32 | N11: 3 | O11: 4 | P11: Não | Q11: 1 | R11: 46174 | T11: =TEXT($J11,"ddd") -> sex | U11: =TEXT($J11,"mmm") -> out | V11: =YEAR(J11) -> 2023 | W11: =_xlfn.XLOOKUP(A11,Absenteismo!A:A,Absenteismo!A:A,0) -> 1916
A12: 1961 | B12: 18 | C12: Masculino | D12: Soldagem | E12: Operador | F12: 2º Turno | G12: 44 | H12: 4310 | I12: Carlos | J12: 44486 | K12: 17 | L12: Não | M12: 30 | N12: 1 | O12: 2 | P12: Não | Q12: 1 | R12: 46174 | T12: =TEXT($J12,"ddd") -> dom | U12: =TEXT($J12,"mmm") -> out | V12: =YEAR(J12) -> 2021 | W12: =_xlfn.XLOOKUP(A12,Absenteismo!A:A,Absenteismo!A:A,0) -> 1961
A13: 2080 | B13: 18 | C13: Feminino | D13: Soldagem | E13: Operador | F13: 1º Turno | G13: 55 | H13: 5622 | I13: Carlos | J13: 44319 | K13: 35 | L13: Não | M13: 4 | N13: 7 | O13: 2 | P13: Não | Q13: 3 | R13: 46174 | T13: =TEXT($J13,"ddd") -> seg | U13: =TEXT($J13,"mmm") -> mai | V13: =YEAR(J13) -> 2021 | W13: =_xlfn.XLOOKUP(A13,Absenteismo!A:A,Absenteismo!A:A,0) -> 2080
A14: 1269 | B14: 19 | C14: Masculino | D14: Montagem | E14: Operador | F14: 2º Turno | G14: 68 | H14: 5728 | I14: Marcos | J14: 43817 | K14: 15 | L14: Não | M14: 6 | N14: 3 | O14: 3 | P14: Sim | Q14: 1 | R14: 46174 | S14: 45887 | T14: =TEXT($J14,"ddd") -> qua | U14: =TEXT($J14,"mmm") -> dez | V14: =YEAR(J14) -> 2019 | W14: =_xlfn.XLOOKUP(A14,Absenteismo!A:A,Absenteismo!A:A,0) -> 1269
A15: 1569 | B15: 19 | C15: Masculino | D15: Montagem | E15: Operador | F15: 2º Turno | G15: 68 | H15: 5728 | I15: Marcos | J15: 43972 | K15: 15 | L15: Não | M15: 6 | N15: 3 | O15: 3 | P15: Sim | Q15: 2 | R15: 46174 | S15: 46043 | T15: =TEXT($J15,"ddd") -> qui | U15: =TEXT($J15,"mmm") -> mai | V15: =YEAR(J15) -> 2020 | W15: =_xlfn.XLOOKUP(A15,Absenteismo!A:A,Absenteismo!A:A,0) -> 1569
A16: 1869 | B16: 19 | C16: Masculino | D16: Montagem | E16: Operador | F16: 2º Turno | G16: 68 | H16: 5728 | I16: Marcos | J16: 44097 | K16: 15 | L16: Não | M16: 6 | N16: 3 | O16: 3 | P16: Sim | Q16: 3 | R16: 46174 | S16: 46165 | T16: =TEXT($J16,"ddd") -> qua | U16: =TEXT($J16,"mmm") -> set | V16: =YEAR(J16) -> 2020 | W16: =_xlfn.XLOOKUP(A16,Absenteismo!A:A,Absenteismo!A:A,0) -> 1869
A17: 1184 | B17: 19 | C17: Feminino | D17: Montagem | E17: Operador | F17: 1º Turno | G17: 77 | H17: 3075 | I17: Juliana | J17: 43427 | K17: 39 | L17: Sim | M17: 3 | N17: 3 | O17: 2 | P17: Não | Q17: 3 | R17: 46174 | T17: =TEXT($J17,"ddd") -> sex | U17: =TEXT($J17,"mmm") -> nov | V17: =YEAR(J17) -> 2018 | W17: =_xlfn.XLOOKUP(A17,Absenteismo!A:A,Absenteismo!A:A,0) -> 0
A18: 1484 | B18: 19 | C18: Feminino | D18: Montagem | E18: Operador | F18: 1º Turno | G18: 77 | H18: 3075 | I18: Juliana | J18: 43605 | K18: 39 | L18: Sim | M18: 3 | N18: 3 | O18: 2 | P18: Não | Q18: 3 | R18: 46174 | T18: =TEXT($J18,"ddd") -> seg | U18: =TEXT($J18,"mmm") -> mai | V18: =YEAR(J18) -> 2019 | W18: =_xlfn.XLOOKUP(A18,Absenteismo!A:A,Absenteismo!A:A,0) -> 1484
A19: 1784 | B19: 19 | C19: Feminino | D19: Montagem | E19: Operador | F19: 1º Turno | G19: 77 | H19: 3075 | I19: Juliana | J19: 43809 | K19: 39 | L19: Sim | M19: 3 | N19: 3 | O19: 2 | P19: Não | Q19: 3 | R19: 46174 | T19: =TEXT($J19,"ddd") -> ter | U19: =TEXT($J19,"mmm") -> dez | V19: =YEAR(J19) -> 2019 | W19: =_xlfn.XLOOKUP(A19,Absenteismo!A:A,Absenteismo!A:A,0) -> 1784
A20: 2084 | B20: 19 | C20: Feminino | D20: Montagem | E20: Operador | F20: 1º Turno | G20: 77 | H20: 3075 | I20: Juliana | J20: 43781 | K20: 39 | L20: Sim | M20: 3 | N20: 3 | O20: 2 | P20: Não | Q20: 2 | R20: 46174 | T20: =TEXT($J20,"ddd") -> ter | U20: =TEXT($J20,"mmm") -> nov | V20: =YEAR(J20) -> 2019 | W20: =_xlfn.XLOOKUP(A20,Absenteismo!A:A,Absenteismo!A:A,0) -> 2084
A21: 2169 | B21: 19 | C21: Masculino | D21: Montagem | E21: Operador | F21: 2º Turno | G21: 68 | H21: 5728 | I21: Marcos | J21: 43789 | K21: 15 | L21: Não | M21: 6 | N21: 3 | O21: 3 | P21: Não | Q21: 1 | R21: 46174 | T21: =TEXT($J21,"ddd") -> qua | U21: =TEXT($J21,"mmm") -> nov | V21: =YEAR(J21) -> 2019 | W21: =_xlfn.XLOOKUP(A21,Absenteismo!A:A,Absenteismo!A:A,0) -> 2169
A22: 1686 | B22: 20 | C22: Masculino | D22: Logistica | E22: Operador | F22: 1º Turno | G22: 75 | H22: 5788 | I22: Fernanda | J22: 43739 | K22: 6 | L22: Não | M22: 20 | N22: 11 | O22: 5 | P22: Sim | Q22: 2 | R22: 46174 | S22: 46023 | T22: =TEXT($J22,"ddd") -> ter | U22: =TEXT($J22,"mmm") -> out | V22: =YEAR(J22) -> 2019 | W22: =_xlfn.XLOOKUP(A22,Absenteismo!A:A,Absenteismo!A:A,0) -> 0
A23: 1386 | B23: 20 | C23: Masculino | D23: Logistica | E23: Operador | F23: 1º Turno | G23: 75 | H23: 5788 | I23: Fernanda | J23: 43848 | K23: 6 | L23: Não | M23: 20 | N23: 11 | O23: 5 | P23: Sim | Q23: 1 | R23: 46174 | S23: 46130 | T23: =TEXT($J23,"ddd") -> sáb | U23: =TEXT($J23,"mmm") -> jan | V23: =YEAR(J23) -> 2020 | W23: =_xlfn.XLOOKUP(A23,Absenteismo!A:A,Absenteismo!A:A,0) -> 1386
A24: 1086 | B24: 20 | C24: Masculino | D24: Logistica | E24: Operador | F24: 1º Turno | G24: 75 | H24: 5788 | I24: Fernanda | J24: 43853 | K24: 6 | L24: Não | M24: 20 | N24: 11 | O24: 5 | P24: Não | Q24: 3 | R24: 46174 | T24: =TEXT($J24,"ddd") -> qui | U24: =TEXT($J24,"mmm") -> jan | V24: =YEAR(J24) -> 2020 | W24: =_xlfn.XLOOKUP(A24,Absenteismo!A:A,Absenteismo!A:A,0) -> 1086
A25: 1110 | B25: 20 | C25: Masculino | D25: Montagem | E25: Operador | F25: 1º Turno | G25: 111 | H25: 5364 | I25: Marcos | J25: 42394 | K25: 28 | L25: Sim | M25: 26 | N25: 4 | O25: 2 | P25: Não | Q25: 2 | R25: 46174 | T25: =TEXT($J25,"ddd") -> seg | U25: =TEXT($J25,"mmm") -> jan | V25: =YEAR(J25) -> 2016 | W25: =_xlfn.XLOOKUP(A25,Absenteismo!A:A,Absenteismo!A:A,0) -> 0
A26: 1230 | B26: 20 | C26: Masculino | D26: Soldagem | E26: Operador | F26: 2º Turno | G26: 14 | H26: 4827 | I26: Ricardo | J26: 45558 | K26: 56 | L26: Não | M26: 28 | N26: 4 | O26: 4 | P26: Não | Q26: 3 | R26: 46174 | T26: =TEXT($J26,"ddd") -> seg | U26: =TEXT($J26,"mmm") -> set | V26: =YEAR(J26) -> 2024 | W26: =_xlfn.XLOOKUP(A26,Absenteismo!A:A,Absenteismo!A:A,0) -> 0
A27: 1410 | B27: 20 | C27: Masculino | D27: Montagem | E27: Operador | F27: 1º Turno | G27: 111 | H27: 5364 | I27: Marcos | J27: 42490 | K27: 28 | L27: Sim | M27: 26 | N27: 4 | O27: 2 | P27: Não | Q27: 1 | R27: 46174 | T27: =TEXT($J27,"ddd") -> sáb | U27: =TEXT($J27,"mmm") -> abr | V27: =YEAR(J27) -> 2016 | W27: =_xlfn.XLOOKUP(A27,Absenteismo!A:A,Absenteismo!A:A,0) -> 1410
A28: 1530 | B28: 20 | C28: Masculino | D28: Soldagem | E28: Operador | F28: 2º Turno | G28: 14 | H28: 4827 | I28: Ricardo | J28: 45344 | K28: 56 | L28: Não | M28: 28 | N28: 4 | O28: 4 | P28: Não | Q28: 1 | R28: 46174 | T28: =TEXT($J28,"ddd") -> qui | U28: =TEXT($J28,"mmm") -> fev | V28: =YEAR(J28) -> 2024 | W28: =_xlfn.XLOOKUP(A28,Absenteismo!A:A,Absenteismo!A:A,0) -> 0
A29: 1710 | B29: 20 | C29: Masculino | D29: Montagem | E29: Operador | F29: 1º Turno | G29: 111 | H29: 5364 | I29: Marcos | J29: 42529 | K29: 28 | L29: Sim | M29: 26 | N29: 4 | O29: 2 | P29: Não | Q29: 3 | R29: 46174 | T29: =TEXT($J29,"ddd") -> qua | U29: =TEXT($J29,"mmm") -> jun | V29: =YEAR(J29) -> 2016 | W29: =_xlfn.XLOOKUP(A29,Absenteismo!A:A,Absenteismo!A:A,0) -> 1710
A30: 1830 | B30: 20 | C30: Masculino | D30: Soldagem | E30: Operador | F30: 2º Turno | G30: 14 | H30: 4827 | I30: Ricardo | J30: 45703 | K30: 41 | L30: Não | M30: 28 | N30: 4 | O30: 4 | P30: Não | Q30: 3 | R30: 46174 | T30: =TEXT($J30,"ddd") -> sáb | U30: =TEXT($J30,"mmm") -> fev | V30: =YEAR(J30) -> 2025 | W30: =_xlfn.XLOOKUP(A30,Absenteismo!A:A,Absenteismo!A:A,0) -> 0
A31: 2010 | B31: 20 | C31: Masculino | D31: Montagem | E31: Operador | F31: 1º Turno | G31: 111 | H31: 5364 | I31: Marcos | J31: 42616 | K31: 28 | L31: Sim | M31: 26 | N31: 4 | O31: 2 | P31: Não | Q31: 3 | R31: 46174 | T31: =TEXT($J31,"ddd") -> sáb | U31: =TEXT($J31,"mmm") -> set | V31: =YEAR(J31) -> 2016 | W31: =_xlfn.XLOOKUP(A31,Absenteismo!A:A,Absenteismo!A:A,0) -> 2010
A32: 2130 | B32: 20 | C32: Masculino | D32: Soldagem | E32: Operador | F32: 2º Turno | G32: 14 | H32: 4827 | I32: Ricardo | J32: 45590 | K32: 56 | L32: Não | M32: 28 | N32: 4 | O32: 4 | P32: Não | Q32: 2 | R32: 46174 | T32: =TEXT($J32,"ddd") -> sex | U32: =TEXT($J32,"mmm") -> out | V32: =YEAR(J32) -> 2024 | W32: =_xlfn.XLOOKUP(A32,Absenteismo!A:A,Absenteismo!A:A,0) -> 0
A33: 1986 | B33: 20 | C33: Masculino | D33: Logistica | E33: Operador | F33: 1º Turno | G33: 75 | H33: 5788 | I33: Fernanda | J33: 43562 | K33: 6 | L33: Não | M33: 20 | N33: 11 | O33: 5 | P33: Não | Q33: 1 | R33: 46174 | T33: =TEXT($J33,"ddd") -> dom | U33: =TEXT($J33,"mmm") -> abr | V33: =YEAR(J33) -> 2019 | W33: =_xlfn.XLOOKUP(A33,Absenteismo!A:A,Absenteismo!A:A,0) -> 1986
A34: 1022 | B34: 21 | C34: Feminino | D34: Soldagem | E34: Operador | F34: 3º Turno | G34: 118 | H34: 7150 | I34: Fernanda | J34: 42452 | K34: 4 | L34: Não | M34: 5 | N34: 2 | O34: 2 | P34: Não | Q34: 2 | R34: 46174 | T34: =TEXT($J34,"ddd") -> qua | U34: =TEXT($J34,"mmm") -> mar | V34: =YEAR(J34) -> 2016 | W34: =_xlfn.XLOOKUP(A34,Absenteismo!A:A,Absenteismo!A:A,0) -> 0
A35: 1028 | B35: 21 | C35: Feminino | D35: Pintura | E35: Operador | F35: 2º Turno | G35: 6 | H35: 2829 | I35: Ricardo | J35: 45985 | K35: 41 | L35: Sim | M35: 16 | N35: 2 | O35: 5 | P35: Não | Q35: 1 | R35: 46174 | T35: =TEXT($J35,"ddd") -> seg | U35: =TEXT($J35,"mmm") -> nov | V35: =YEAR(J35) -> 2025 | W35: =_xlfn.XLOOKUP(A35,Absenteismo!A:A,Absenteismo!A:A,0) -> 0
... A73: 2170 | B73: 21 | C73: Feminino | D73: Soldagem | E73: Operador | F73: 2º Turno | G73: 46 | H73: 4223 | I73: Fernanda | J73: 44583 | K73: 16 | L73: Sim | M73: 22 | N73: 9 | O73: 2 | P73: Não | Q73: 2 | R73: 46174 | T73: =TEXT($J73,"ddd") -> sáb | U73: =TEXT($J73,"mmm") -> jan | V73: =YEAR(J73) -> 2022 | W73: =_xlfn.XLOOKUP(A73,Absenteismo!A:A,Absenteismo!A:A,0) -> 0
A74: 1114 | B74: 22 | C74: Feminino | D74: Qualidade | E74: Inspetor | F74: 2º Turno | G74: 97 | H74: 7418 | I74: Marcos | J74: 42823 | K74: 29 | L74: Sim | M74: 20 | N74: 10 | O74: 4 | P74: Sim | Q74: 2 | R74: 46174 | S74: 45776 | T74: =TEXT($J74,"ddd") -> qua | U74: =TEXT($J74,"mmm") -> mar | V74: =YEAR(J74) -> 2017 | W74: =_xlfn.XLOOKUP(A74,Absenteismo!A:A,Absenteismo!A:A,0) -> 1114
A75: 1288 | B75: 22 | C75: Feminino | D75: Soldagem | E75: Operador | F75: 2º Turno | G75: 71 | H75: 5471 | I75: Ricardo | J75: 43638 | K75: 34 | L75: Sim | M75: 0 | N75: 12 | O75: 5 | P75: Sim | Q75: 2 | R75: 46174 | S75: 45799 | T75: =TEXT($J75,"ddd") -> sáb | U75: =TEXT($J75,"mmm") -> jun | V75: =YEAR(J75) -> 2019 | W75: =_xlfn.XLOOKUP(A75,Absenteismo!A:A,Absenteismo!A:A,0) -> 0
A76: 1215 | B76: 22 | C76: Masculino | D76: Pintura | E76: Operador | F76: 1º Turno | G76: 82 | H76: 5280 | I76: Fernanda | J76: 43318 | K76: 17 | L76: Sim | M76: 27 | N76: 12 | O76: 5 | P76: Sim | Q76: 2 | R76: 46174 | S76: 45814 | T76: =TEXT($J76,"ddd") -> seg | U76: =TEXT($J76,"mmm") -> ago | V76: =YEAR(J76) -> 2018 | W76: =_xlfn.XLOOKUP(A76,Absenteismo!A:A,Absenteismo!A:A,0) -> 1215
A77: 1515 | B77: 22 | C77: Masculino | D77: Pintura | E77: Operador | F77: 1º Turno | G77: 82 | H77: 5280 | I77: Fernanda | J77: 43395 | K77: 17 | L77: Sim | M77: 27 | N77: 12 | O77: 5 | P77: Sim | Q77: 1 | R77: 46174 | S77: 45891 | T77: =TEXT($J77,"ddd") -> seg | U77: =TEXT($J77,"mmm") -> out | V77: =YEAR(J77) -> 2018 | W77: =_xlfn.XLOOKUP(A77,Absenteismo!A:A,Absenteismo!A:A,0) -> 1515
A78: 1414 | B78: 22 | C78: Feminino | D78: Qualidade | E78: Inspetor | F78: 2º Turno | G78: 97 | H78: 7418 | I78: Marcos | J78: 43070 | K78: 29 | L78: Sim | M78: 20 | N78: 10 | O78: 4 | P78: Sim | Q78: 2 | R78: 46174 | S78: 46022 | T78: =TEXT($J78,"ddd") -> sex | U78: =TEXT($J78,"mmm") -> dez | V78: =YEAR(J78) -> 2017 | W78: =_xlfn.XLOOKUP(A78,Absenteismo!A:A,Absenteismo!A:A,0) -> 1414
A79: 1815 | B79: 22 | C79: Masculino | D79: Pintura | E79: Operador | F79: 1º Turno | G79: 82 | H79: 5280 | I79: Fernanda | J79: 43563 | K79: 17 | L79: Sim | M79: 27 | N79: 12 | O79: 5 | P79: Sim | Q79: 3 | R79: 46174 | S79: 46061 | T79: =TEXT($J79,"ddd") -> seg | U79: =TEXT($J79,"mmm") -> abr | V79: =YEAR(J79) -> 2019 | W79: =_xlfn.XLOOKUP(A79,Absenteismo!A:A,Absenteismo!A:A,0) -> 1815
A80: 1714 | B80: 22 | C80: Feminino | D80: Qualidade | E80: Inspetor | F80: 2º Turno | G80: 97 | H80: 7418 | I80: Marcos | J80: 43243 | K80: 29 | L80: Sim | M80: 20 | N80: 10 | O80: 4 | P80: Sim | Q80: 3 | R80: 46174 | S80: 46196 | T80: =TEXT($J80,"ddd") -> qua | U80: =TEXT($J80,"mmm") -> mai | V80: =YEAR(J80) -> 2018 | W80: =_xlfn.XLOOKUP(A80,Absenteismo!A:A,Absenteismo!A:A,0) -> 1714
A81: 1588 | B81: 22 | C81: Feminino | D81: Soldagem | E81: Operador | F81: 2º Turno | G81: 71 | H81: 5471 | I81: Ricardo | J81: 44041 | K81: 34 | L81: Sim | M81: 0 | N81: 12 | O81: 5 | P81: Sim | Q81: 3 | R81: 46174 | S81: 46202 | T81: =TEXT($J81,"ddd") -> qua | U81: =TEXT($J81,"mmm") -> jul | V81: =YEAR(J81) -> 2020 | W81: =_xlfn.XLOOKUP(A81,Absenteismo!A:A,Absenteismo!A:A,0) -> 0
A82: 1036 | B82: 22 | C82: Masculino | D82: Pintura | E82: Operador | F82: 3º Turno | G82: 109 | H82: 3820 | I82: Ricardo | J82: 42803 | K82: 33 | L82: Sim | M82: 26 | N82: 5 | O82: 5 | P82: Não | Q82: 2 | R82: 46174 | T82: =TEXT($J82,"ddd") -> qui | U82: =TEXT($J82,"mmm") -> mar | V82: =YEAR(J82) -> 2017 | W82: =_xlfn.XLOOKUP(A82,Absenteismo!A:A,Absenteismo!A:A,0) -> 1036
A83: 1062 | B83: 22 | C83: Feminino | D83: Montagem | E83: Operador | F83: 3º Turno | G83: 39 | H83: 3497 | I83: Fernanda | J83: 44823 | K83: 8 | L83: Sim | M83: 26 | N83: 9 | O83: 3 | P83: Não | Q83: 3 | R83: 46174 | T83: =TEXT($J83,"ddd") -> seg | U83: =TEXT($J83,"mmm") -> set | V83: =YEAR(J83) -> 2022 | W83: =_xlfn.XLOOKUP(A83,Absenteismo!A:A,Absenteismo!A:A,0) -> 1062
A84: 1115 | B84: 22 | C84: Masculino | D84: Soldagem | E84: Operador | F84: 2º Turno | G84: 102 | H84: 5050 | I84: Marcos | J84: 43055 | K84: 4 | L84: Sim | M84: 4 | N84: 4 | O84: 5 | P84: Não | Q84: 2 | R84: 46174 | T84: =TEXT($J84,"ddd") -> qui | U84: =TEXT($J84,"mmm") -> nov | V84: =YEAR(J84) -> 2017 | W84: =_xlfn.XLOOKUP(A84,Absenteismo!A:A,Absenteismo!A:A,0) -> 0
A85: 1196 | B85: 22 | C85: Feminino | D85: Logistica | E85: Operador | F85: 2º Turno | G85: 18 | H85: 4695 | I85: Carlos | J85: 45431 | K85: 46 | L85: Sim | M85: 13 | N85: 8 | O85: 5 | P85: Não | Q85: 3 | R85: 46174 | T85: =TEXT($J85,"ddd") -> dom | U85: =TEXT($J85,"mmm") -> mai | V85: =YEAR(J85) -> 2024 | W85: =_xlfn.XLOOKUP(A85,Absenteismo!A:A,Absenteismo!A:A,0) -> 1196
A86: 1205 | B86: 22 | C86: Masculino | D86: Pintura | E86: Operador | F86: 3º Turno | G86: 77 | H86: 6049 | I86: Ricardo | J86: 43673 | K86: 2 | L86: Sim | M86: 28 | N86: 7 | O86: 3 | P86: Não | Q86: 2 | R86: 46174 | T86: =TEXT($J86,"ddd") -> sáb | U86: =TEXT($J86,"mmm") -> jul | V86: =YEAR(J86) -> 2019 | W86: =_xlfn.XLOOKUP(A86,Absenteismo!A:A,Absenteismo!A:A,0) -> 0
A87: 1223 | B87: 22 | C87: Feminino | D87: Logistica | E87: Operador | F87: 3º Turno | G87: 24 | H87: 5796 | I87: Ricardo | J87: 45064 | K87: 13 | L87: Sim | M87: 16 | N87: 10 | O87: 5 | P87: Não | Q87: 1 | R87: 46174 | T87: =TEXT($J87,"ddd") -> qui | U87: =TEXT($J87,"mmm") -> mai | V87: =YEAR(J87) -> 2023 | W87: =_xlfn.XLOOKUP(A87,Absenteismo!A:A,Absenteismo!A:A,0) -> 0
A88: 1246 | B88: 22 | C88: Feminino | D88: Soldagem | E88: Operador | F88: 1º Turno | G88: 34 | H88: 4567 | I88: Carlos | J88: 44944 | K88: 60 | L88: Sim | M88: 25 | N88: 8 | O88: 4 | P88: Não | Q88: 1 | R88: 46174 | T88: =TEXT($J88,"ddd") -> qua | U88: =TEXT($J88,"mmm") -> jan | V88: =YEAR(J88) -> 2023 | W88: =_xlfn.XLOOKUP(A88,Absenteismo!A:A,Absenteismo!A:A,0) -> 1246
A89: 1251 | B89: 22 | C89: Masculino | D89: Pintura | E89: Operador | F89: 3º Turno | G89: 81 | H89: 3431 | I89: Juliana | J89: 43349 | K89: 30 | L89: Sim | M89: 3 | N89: 7 | O89: 3 | P89: Não | Q89: 2 | R89: 46174 | T89: =TEXT($J89,"ddd") -> qui | U89: =TEXT($J89,"mmm") -> set | V89: =YEAR(J89) -> 2018 | W89: =_xlfn.XLOOKUP(A89,Absenteismo!A:A,Absenteismo!A:A,0) -> 1251
A90: 1279 | B90: 22 | C90: Feminino | D90: Montagem | E90: Operador | F90: 2º Turno | G90: 34 | H90: 3657 | I90: Carlos | J90: 44979 | K90: 22 | L90: Sim | M90: 24 | N90: 2 | O90: 2 | P90: Não | Q90: 2 | R90: 46174 | T90: =TEXT($J90,"ddd") -> qua | U90: =TEXT($J90,"mmm") -> fev | V90: =YEAR(J90) -> 2023 | W90: =_xlfn.XLOOKUP(A90,Absenteismo!A:A,Absenteismo!A:A,0) -> 1279
A91: 1336 | B91: 22 | C91: Masculino | D91: Pintura | E91: Operador | F91: 3º Turno | G91: 109 | H91: 3820 | I91: Ricardo | J91: 42666 | K91: 33 | L91: Sim | M91: 26 | N91: 5 | O91: 5 | P91: Não | Q91: 2 | R91: 46174 | T91: =TEXT($J91,"ddd") -> dom | U91: =TEXT($J91,"mmm") -> out | V91: =YEAR(J91) -> 2016 | W91: =_xlfn.XLOOKUP(A91,Absenteismo!A:A,Absenteismo!A:A,0) -> 0
A92: 1362 | B92: 22 | C92: Feminino | D92: Montagem | E92: Operador | F92: 3º Turno | G92: 39 | H92: 3497 | I92: Fernanda | J92: 44876 | K92: 8 | L92: Sim | M92: 26 | N92: 9 | O92: 3 | P92: Não | Q92: 1 | R92: 46174 | T92: =TEXT($J92,"ddd") -> sex | U92: =TEXT($J92,"mmm") -> nov | V92: =YEAR(J92) -> 2022 | W92: =_xlfn.XLOOKUP(A92,Absenteismo!A:A,Absenteismo!A:A,0) -> 1362
A93: 1415 | B93: 22 | C93: Masculino | D93: Soldagem | E93: Operador | F93: 2º Turno | G93: 102 | H93: 5050 | I93: Marcos | J93: 42712 | K93: 4 | L93: Sim | M93: 4 | N93: 4 | O93: 5 | P93: Não | Q93: 2 | R93: 46174 | T93: =TEXT($J93,"ddd") -> qui | U93: =TEXT($J93,"mmm") -> dez | V93: =YEAR(J93) -> 2016 | W93: =_xlfn.XLOOKUP(A93,Absenteismo!A:A,Absenteismo!A:A,0) -> 1415
... A121: 2188 | B121: 22 | C121: Feminino | D121: Soldagem | E121: Operador | F121: 2º Turno | G121: 71 | H121: 5471 | I121: Ricardo | J121: 43595 | K121: 34 | L121: Sim | M121: 0 | N121: 12 | O121: 5 | P121: Não | Q121: 2 | R121: 46174 | T121: =TEXT($J121,"ddd") -> sex | U121: =TEXT($J121,"mmm") -> mai | V121: =YEAR(J121) -> 2019 | W121: =_xlfn.XLOOKUP(A121,Absenteismo!A:A,Absenteismo!A:A,0) -> 0
A122: 1231 | B122: 23 | C122: Masculino | D122: Logistica | E122: Operador | F122: 1º Turno | G122: 100 | H122: 4741 | I122: Fernanda | J122: 42716 | K122: 41 | L122: Sim | M122: 22 | N122: 11 | O122: 5 | P122: Sim | Q122: 3 | R122: 46174 | S122: 45759 | T122: =TEXT($J122,"ddd") -> seg | U122: =TEXT($J122,"mmm") -> dez | V122: =YEAR(J122) -> 2016 | W122: =_xlfn.XLOOKUP(A122,Absenteismo!A:A,Absenteismo!A:A,0) -> 1231
A123: 1877 | B123: 23 | C123: Masculino | D123: Soldagem | E123: Operador | F123: 2º Turno | G123: 27 | H123: 4844 | I123: Carlos | J123: 44955 | K123: 23 | L123: Sim | M123: 6 | N123: 11 | O123: 2 | P123: Sim | Q123: 3 | R123: 46174 | S123: 45776 | T123: =TEXT($J123,"ddd") -> dom | U123: =TEXT($J123,"mmm") -> jan | V123: =YEAR(J123) -> 2023 | W123: =_xlfn.XLOOKUP(A123,Absenteismo!A:A,Absenteismo!A:A,0) -> 1877
A124: 2131 | B124: 23 | C124: Masculino | D124: Logistica | E124: Operador | F124: 1º Turno | G124: 100 | H124: 4741 | I124: Fernanda | J124: 42820 | K124: 53 | L124: Não | M124: 22 | N124: 11 | O124: 5 | P124: Sim | Q124: 2 | R124: 46174 | S124: 45864 | T124: =TEXT($J124,"ddd") -> dom | U124: =TEXT($J124,"mmm") -> mar | V124: =YEAR(J124) -> 2017 | W124: =_xlfn.XLOOKUP(A124,Absenteismo!A:A,Absenteismo!A:A,0) -> 2131
A125: 1831 | B125: 23 | C125: Masculino | D125: Logistica | E125: Operador | F125: 1º Turno | G125: 100 | H125: 4741 | I125: Fernanda | J125: 42888 | K125: 53 | L125: Não | M125: 22 | N125: 11 | O125: 5 | P125: Sim | Q125: 1 | R125: 46174 | S125: 45932 | T125: =TEXT($J125,"ddd") -> sex | U125: =TEXT($J125,"mmm") -> jun | V125: =YEAR(J125) -> 2017 | W125: =_xlfn.XLOOKUP(A125,Absenteismo!A:A,Absenteismo!A:A,0) -> 1831
A126: 1302 | B126: 23 | C126: Feminino | D126: Montagem | E126: Operador | F126: 3º Turno | G126: 4 | H126: 7397 | I126: Fernanda | J126: 45850 | K126: 46 | L126: Sim | M126: 34 | N126: 6 | O126: 3 | P126: Sim | Q126: 3 | R126: 46174 | S126: 45973 | T126: =TEXT($J126,"ddd") -> sáb | U126: =TEXT($J126,"mmm") -> jul | V126: =YEAR(J126) -> 2025 | W126: =_xlfn.XLOOKUP(A126,Absenteismo!A:A,Absenteismo!A:A,0) -> 1302
A127: 1580 | B127: 23 | C127: Masculino | D127: Soldagem | E127: Operador | F127: 3º Turno | G127: 115 | H127: 6754 | I127: Carlos | J127: 42475 | K127: 28 | L127: Não | M127: 10 | N127: 9 | O127: 5 | P127: Sim | Q127: 1 | R127: 46174 | S127: 45976 | T127: =TEXT($J127,"ddd") -> sex | U127: =TEXT($J127,"mmm") -> abr | V127: =YEAR(J127) -> 2016 | W127: =_xlfn.XLOOKUP(A127,Absenteismo!A:A,Absenteismo!A:A,0) -> 1580
A128: 1280 | B128: 23 | C128: Masculino | D128: Soldagem | E128: Operador | F128: 3º Turno | G128: 115 | H128: 6754 | I128: Carlos | J128: 42481 | K128: 28 | L128: Não | M128: 10 | N128: 9 | O128: 5 | P128: Sim | Q128: 3 | R128: 46174 | S128: 45982 | T128: =TEXT($J128,"ddd") -> qui | U128: =TEXT($J128,"mmm") -> abr | V128: =YEAR(J128) -> 2016 | W128: =_xlfn.XLOOKUP(A128,Absenteismo!A:A,Absenteismo!A:A,0) -> 1280
A129: 1577 | B129: 23 | C129: Masculino | D129: Soldagem | E129: Operador | F129: 2º Turno | G129: 27 | H129: 4844 | I129: Carlos | J129: 45297 | K129: 23 | L129: Sim | M129: 6 | N129: 11 | O129: 2 | P129: Sim | Q129: 2 | R129: 46174 | S129: 46118 | T129: =TEXT($J129,"ddd") -> sáb | U129: =TEXT($J129,"mmm") -> jan | V129: =YEAR(J129) -> 2024 | W129: =_xlfn.XLOOKUP(A129,Absenteismo!A:A,Absenteismo!A:A,0) -> 1577
A130: 1002 | B130: 23 | C130: Feminino | D130: Montagem | E130: Operador | F130: 3º Turno | G130: 4 | H130: 7397 | I130: Fernanda | J130: 46019 | K130: 46 | L130: Sim | M130: 34 | N130: 6 | O130: 3 | P130: Sim | Q130: 2 | R130: 46174 | S130: 46140 | T130: =TEXT($J130,"ddd") -> dom | U130: =TEXT($J130,"mmm") -> dez | V130: =YEAR(J130) -> 2025 | W130: =_xlfn.XLOOKUP(A130,Absenteismo!A:A,Absenteismo!A:A,0) -> 0
A131: 1531 | B131: 23 | C131: Masculino | D131: Logistica | E131: Operador | F131: 1º Turno | G131: 100 | H131: 4741 | I131: Fernanda | J131: 43145 | K131: 41 | L131: Sim | M131: 22 | N131: 11 | O131: 5 | P131: Sim | Q131: 2 | R131: 46174 | S131: 46187 | T131: =TEXT($J131,"ddd") -> qua | U131: =TEXT($J131,"mmm") -> fev | V131: =YEAR(J131) -> 2018 | W131: =_xlfn.XLOOKUP(A131,Absenteismo!A:A,Absenteismo!A:A,0) -> 1531
A132: 1277 | B132: 23 | C132: Masculino | D132: Soldagem | E132: Operador | F132: 2º Turno | G132: 27 | H132: 4844 | I132: Carlos | J132: 45370 | K132: 23 | L132: Sim | M132: 6 | N132: 11 | O132: 2 | P132: Sim | Q132: 2 | R132: 46174 | S132: 46192 | T132: =TEXT($J132,"ddd") -> ter | U132: =TEXT($J132,"mmm") -> mar | V132: =YEAR(J132) -> 2024 | W132: =_xlfn.XLOOKUP(A132,Absenteismo!A:A,Absenteismo!A:A,0) -> 1277
A133: 1132 | B133: 23 | C133: Masculino | D133: Montagem | E133: Operador | F133: 3º Turno | G133: 70 | H133: 6956 | I133: Marcos | J133: 43801 | K133: 36 | L133: Sim | M133: 30 | N133: 0 | O133: 5 | P133: Não | Q133: 2 | R133: 46174 | T133: =TEXT($J133,"ddd") -> seg | U133: =TEXT($J133,"mmm") -> dez | V133: =YEAR(J133) -> 2019 | W133: =_xlfn.XLOOKUP(A133,Absenteismo!A:A,Absenteismo!A:A,0) -> 0
A134: 1138 | B134: 23 | C134: Masculino | D134: Pintura | E134: Operador | F134: 2º Turno | G134: 58 | H134: 6290 | I134: Fernanda | J134: 44345 | K134: 55 | L134: Sim | M134: 28 | N134: 0 | O134: 4 | P134: Não | Q134: 2 | R134: 46174 | T134: =TEXT($J134,"ddd") -> sáb | U134: =TEXT($J134,"mmm") -> mai | V134: =YEAR(J134) -> 2021 | W134: =_xlfn.XLOOKUP(A134,Absenteismo!A:A,Absenteismo!A:A,0) -> 0
A135: 1209 | B135: 23 | C135: Masculino | D135: Logistica | E135: Operador | F135: 1º Turno | G135: 38 | H135: 6189 | I135: Juliana | J135: 44789 | K135: 40 | L135: Sim | M135: 35 | N135: 3 | O135: 3 | P135: Não | Q135: 2 | R135: 46174 | T135: =TEXT($J135,"ddd") -> ter | U135: =TEXT($J135,"mmm") -> ago | V135: =YEAR(J135) -> 2022 | W135: =_xlfn.XLOOKUP(A135,Absenteismo!A:A,Absenteismo!A:A,0) -> 1209
A136: 1219 | B136: 23 | C136: Feminino | D136: Logistica | E136: Operador | F136: 3º Turno | G136: 19 | H136: 5653 | I136: Ricardo | J136: 45568 | K136: 22 | L136: Sim | M136: 13 | N136: 8 | O136: 5 | P136: Não | Q136: 1 | R136: 46174 | T136: =TEXT($J136,"ddd") -> qui | U136: =TEXT($J136,"mmm") -> out | V136: =YEAR(J136) -> 2024 | W136: =_xlfn.XLOOKUP(A136,Absenteismo!A:A,Absenteismo!A:A,0) -> 0
A137: 1432 | B137: 23 | C137: Masculino | D137: Montagem | E137: Operador | F137: 3º Turno | G137: 70 | H137: 6956 | I137: Marcos | J137: 43741 | K137: 36 | L137: Sim | M137: 30 | N137: 0 | O137: 5 | P137: Não | Q137: 2 | R137: 46174 | T137: =TEXT($J137,"ddd") -> qui | U137: =TEXT($J137,"mmm") -> out | V137: =YEAR(J137) -> 2019 | W137: =_xlfn.XLOOKUP(A137,Absenteismo!A:A,Absenteismo!A:A,0) -> 1432
A138: 1438 | B138: 23 | C138: Masculino | D138: Pintura | E138: Operador | F138: 2º Turno | G138: 58 | H138: 6290 | I138: Fernanda | J138: 44372 | K138: 55 | L138: Sim | M138: 28 | N138: 0 | O138: 4 | P138: Não | Q138: 1 | R138: 46174 | T138: =TEXT($J138,"ddd") -> sex | U138: =TEXT($J138,"mmm") -> jun | V138: =YEAR(J138) -> 2021 | W138: =_xlfn.XLOOKUP(A138,Absenteismo!A:A,Absenteismo!A:A,0) -> 1438
A139: 1509 | B139: 23 | C139: Masculino | D139: Logistica | E139: Operador | F139: 1º Turno | G139: 38 | H139: 6189 | I139: Juliana | J139: 44839 | K139: 40 | L139: Sim | M139: 35 | N139: 3 | O139: 3 | P139: Não | Q139: 2 | R139: 46174 | T139: =TEXT($J139,"ddd") -> qua | U139: =TEXT($J139,"mmm") -> out | V139: =YEAR(J139) -> 2022 | W139: =_xlfn.XLOOKUP(A139,Absenteismo!A:A,Absenteismo!A:A,0) -> 1509
A140: 1519 | B140: 23 | C140: Feminino | D140: Logistica | E140: Operador | F140: 3º Turno | G140: 19 | H140: 5653 | I140: Ricardo | J140: 45576 | K140: 22 | L140: Sim | M140: 13 | N140: 8 | O140: 5 | P140: Não | Q140: 2 | R140: 46174 | T140: =TEXT($J140,"ddd") -> sex | U140: =TEXT($J140,"mmm") -> out | V140: =YEAR(J140) -> 2024 | W140: =_xlfn.XLOOKUP(A140,Absenteismo!A:A,Absenteismo!A:A,0) -> 0
A141: 1602 | B141: 23 | C141: Feminino | D141: Montagem | E141: Operador | F141: 3º Turno | G141: 4 | H141: 7397 | I141: Fernanda | J141: 45667 | K141: 46 | L141: Sim | M141: 34 | N141: 6 | O141: 3 | P141: Não | Q141: 2 | R141: 46174 | T141: =TEXT($J141,"ddd") -> sex | U141: =TEXT($J141,"mmm") -> jan | V141: =YEAR(J141) -> 2025 | W141: =_xlfn.XLOOKUP(A141,Absenteismo!A:A,Absenteismo!A:A,0) -> 1602
A142: 1732 | B142: 23 | C142: Masculino | D142: Montagem | E142: Operador | F142: 3º Turno | G142: 70 | H142: 6956 | I142: Marcos | J142: 43667 | K142: 36 | L142: Sim | M142: 30 | N142: 0 | O142: 5 | P142: Não | Q142: 1 | R142: 46174 | T142: =TEXT($J142,"ddd") -> dom | U142: =TEXT($J142,"mmm") -> jul | V142: =YEAR(J142) -> 2019 | W142: =_xlfn.XLOOKUP(A142,Absenteismo!A:A,Absenteismo!A:A,0) -> 1732
A143: 1738 | B143: 23 | C143: Masculino | D143: Pintura | E143: Operador | F143: 2º Turno | G143: 58 | H143: 6290 | I143: Fernanda | J143: 44433 | K143: 55 | L143: Sim | M143: 28 | N143: 0 | O143: 4 | P143: Não | Q143: 3 | R143: 46174 | T143: =TEXT($J143,"ddd") -> qua | U143: =TEXT($J143,"mmm") -> ago | V143: =YEAR(J143) -> 2021 | W143: =_xlfn.XLOOKUP(A143,Absenteismo!A:A,Absenteismo!A:A,0) -> 1738
A144: 1809 | B144: 23 | C144: Masculino | D144: Logistica | E144: Operador | F144: 1º Turno | G144: 38 | H144: 6189 | I144: Juliana | J144: 44949 | K144: 40 | L144: Sim | M144: 35 | N144: 3 | O144: 3 | P144: Não | Q144: 1 | R144: 46174 | T144: =TEXT($J144,"ddd") -> seg | U144: =TEXT($J144,"mmm") -> jan | V144: =YEAR(J144) -> 2023 | W144: =_xlfn.XLOOKUP(A144,Absenteismo!A:A,Absenteismo!A:A,0) -> 1809
... A153: 1902 | B153: 23 | C153: Feminino | D153: Montagem | E153: Operador | F153: 3º Turno | G153: 4 | H153: 7397 | I153: Fernanda | J153: 45897 | K153: 46 | L153: Sim | M153: 34 | N153: 6 | O153: 3 | P153: Não | Q153: 3 | R153: 46174 | T153: =TEXT($J153,"ddd") -> qui | U153: =TEXT($J153,"mmm") -> ago | V153: =YEAR(J153) -> 2025 | W153: =_xlfn.XLOOKUP(A153,Absenteismo!A:A,Absenteismo!A:A,0) -> 1902
A154: 1581 | B154: 24 | C154: Masculino | D154: Montagem | E154: Operador | F154: 1º Turno | G154: 53 | H154: 7339 | I154: Marcos | J154: 44160 | K154: 17 | L154: Sim | M154: 19 | N154: 3 | O154: 2 | P154: Sim | Q154: 1 | R154: 46174 | S154: 45772 | T154: =TEXT($J154,"ddd") -> qua | U154: =TEXT($J154,"mmm") -> nov | V154: =YEAR(J154) -> 2020 | W154: =_xlfn.XLOOKUP(A154,Absenteismo!A:A,Absenteismo!A:A,0) -> 1581
A155: 1753 | B155: 24 | C155: Feminino | D155: Montagem | E155: Operador | F155: 2º Turno | G155: 111 | H155: 6225 | I155: Fernanda | J155: 42407 | K155: 5 | L155: Não | M155: 20 | N155: 9 | O155: 4 | P155: Sim | Q155: 2 | R155: 46174 | S155: 45784 | T155: =TEXT($J155,"ddd") -> dom | U155: =TEXT($J155,"mmm") -> fev | V155: =YEAR(J155) -> 2016 | W155: =_xlfn.XLOOKUP(A155,Absenteismo!A:A,Absenteismo!A:A,0) -> 1753
A156: 1453 | B156: 24 | C156: Feminino | D156: Montagem | E156: Operador | F156: 2º Turno | G156: 111 | H156: 6225 | I156: Fernanda | J156: 42452 | K156: 21 | L156: Não | M156: 20 | N156: 9 | O156: 4 | P156: Sim | Q156: 2 | R156: 46174 | S156: 45831 | T156: =TEXT($J156,"ddd") -> qua | U156: =TEXT($J156,"mmm") -> mar | V156: =YEAR(J156) -> 2016 | W156: =_xlfn.XLOOKUP(A156,Absenteismo!A:A,Absenteismo!A:A,0) -> 1453
A157: 1281 | B157: 24 | C157: Masculino | D157: Montagem | E157: Operador | F157: 1º Turno | G157: 53 | H157: 7339 | I157: Marcos | J157: 44228 | K157: 17 | L157: Sim | M157: 19 | N157: 3 | O157: 2 | P157: Sim | Q157: 2 | R157: 46174 | S157: 45839 | T157: =TEXT($J157,"ddd") -> seg | U157: =TEXT($J157,"mmm") -> fev | V157: =YEAR(J157) -> 2021 | W157: =_xlfn.XLOOKUP(A157,Absenteismo!A:A,Absenteismo!A:A,0) -> 1281
A158: 1627 | B158: 24 | C158: Feminino | D158: Montagem | E158: Operador | F158: 3º Turno | G158: 27 | H158: 5608 | I158: Fernanda | J158: 45022 | K158: 53 | L158: Não | M158: 16 | N158: 8 | O158: 5 | P158: Sim | Q158: 1 | R158: 46174 | S158: 45844 | T158: =TEXT($J158,"ddd") -> qui | U158: =TEXT($J158,"mmm") -> abr | V158: =YEAR(J158) -> 2023 | W158: =_xlfn.XLOOKUP(A158,Absenteismo!A:A,Absenteismo!A:A,0) -> 1627
A159: 1698 | B159: 24 | C159: Masculino | D159: Pintura | E159: Operador | F159: 2º Turno | G159: 10 | H159: 3461 | I159: Ricardo | J159: 45612 | K159: 39 | L159: Sim | M159: 8 | N159: 4 | O159: 4 | P159: Sim | Q159: 3 | R159: 46174 | S159: 45916 | T159: =TEXT($J159,"ddd") -> sáb | U159: =TEXT($J159,"mmm") -> nov | V159: =YEAR(J159) -> 2024 | W159: =_xlfn.XLOOKUP(A159,Absenteismo!A:A,Absenteismo!A:A,0) -> 0
A160: 1098 | B160: 24 | C160: Masculino | D160: Pintura | E160: Operador | F160: 2º Turno | G160: 10 | H160: 3461 | I160: Ricardo | J160: 45650 | K160: 59 | L160: Não | M160: 8 | N160: 4 | O160: 4 | P160: Sim | Q160: 3 | R160: 46174 | S160: 45954 | T160: =TEXT($J160,"ddd") -> ter | U160: =TEXT($J160,"mmm") -> dez | V160: =YEAR(J160) -> 2024 | W160: =_xlfn.XLOOKUP(A160,Absenteismo!A:A,Absenteismo!A:A,0) -> 0
A161: 1398 | B161: 24 | C161: Masculino | D161: Pintura | E161: Operador | F161: 2º Turno | G161: 10 | H161: 3461 | I161: Ricardo | J161: 45669 | K161: 39 | L161: Sim | M161: 8 | N161: 4 | O161: 4 | P161: Sim | Q161: 1 | R161: 46174 | S161: 45973 | T161: =TEXT($J161,"ddd") -> dom | U161: =TEXT($J161,"mmm") -> jan | V161: =YEAR(J161) -> 2025 | W161: =_xlfn.XLOOKUP(A161,Absenteismo!A:A,Absenteismo!A:A,0) -> 0
A162: 1292 | B162: 24 | C162: Feminino | D162: Montagem | E162: Operador | F162: 3º Turno | G162: 57 | H162: 5428 | I162: Ricardo | J162: 44245 | K162: 47 | L162: Sim | M162: 5 | N162: 3 | O162: 5 | P162: Sim | Q162: 3 | R162: 46174 | S162: 45979 | T162: =TEXT($J162,"ddd") -> qui | U162: =TEXT($J162,"mmm") -> fev | V162: =YEAR(J162) -> 2021 | W162: =_xlfn.XLOOKUP(A162,Absenteismo!A:A,Absenteismo!A:A,0) -> 0
A163: 1327 | B163: 24 | C163: Feminino | D163: Montagem | E163: Operador | F163: 3º Turno | G163: 27 | H163: 5608 | I163: Fernanda | J163: 45332 | K163: 53 | L163: Sim | M163: 16 | N163: 8 | O163: 5 | P163: Sim | Q163: 3 | R163: 46174 | S163: 46152 | T163: =TEXT($J163,"ddd") -> sáb | U163: =TEXT($J163,"mmm") -> fev | V163: =YEAR(J163) -> 2024 | W163: =_xlfn.XLOOKUP(A163,Absenteismo!A:A,Absenteismo!A:A,0) -> 1327
A164: 1027 | B164: 24 | C164: Feminino | D164: Montagem | E164: Operador | F164: 3º Turno | G164: 27 | H164: 5608 | I164: Fernanda | J164: 45342 | K164: 53 | L164: Sim | M164: 16 | N164: 8 | O164: 5 | P164: Sim | Q164: 3 | R164: 46174 | S164: 46162 | T164: =TEXT($J164,"ddd") -> ter | U164: =TEXT($J164,"mmm") -> fev | V164: =YEAR(J164) -> 2024 | W164: =_xlfn.XLOOKUP(A164,Absenteismo!A:A,Absenteismo!A:A,0) -> 0
A165: 1153 | B165: 24 | C165: Feminino | D165: Montagem | E165: Operador | F165: 2º Turno | G165: 111 | H165: 6225 | I165: Fernanda | J165: 42821 | K165: 21 | L165: Não | M165: 20 | N165: 9 | O165: 4 | P165: Sim | Q165: 3 | R165: 46174 | S165: 46200 | T165: =TEXT($J165,"ddd") -> seg | U165: =TEXT($J165,"mmm") -> mar | V165: =YEAR(J165) -> 2017 | W165: =_xlfn.XLOOKUP(A165,Absenteismo!A:A,Absenteismo!A:A,0) -> 0
A166: 1012 | B166: 24 | C166: Masculino | D166: Logistica | E166: Operador | F166: 3º Turno | G166: 78 | H166: 4429 | I166: Fernanda | J166: 43557 | K166: 24 | L166: Sim | M166: 34 | N166: 12 | O166: 2 | P166: Não | Q166: 3 | R166: 46174 | T166: =TEXT($J166,"ddd") -> ter | U166: =TEXT($J166,"mmm") -> abr | V166: =YEAR(J166) -> 2019 | W166: =_xlfn.XLOOKUP(A166,Absenteismo!A:A,Absenteismo!A:A,0) -> 0
A167: 1041 | B167: 24 | C167: Masculino | D167: Montagem | E167: Operador | F167: 3º Turno | G167: 67 | H167: 6605 | I167: Carlos | J167: 44014 | K167: 36 | L167: Sim | M167: 7 | N167: 7 | O167: 3 | P167: Não | Q167: 2 | R167: 46174 | T167: =TEXT($J167,"ddd") -> qui | U167: =TEXT($J167,"mmm") -> jul | V167: =YEAR(J167) -> 2020 | W167: =_xlfn.XLOOKUP(A167,Absenteismo!A:A,Absenteismo!A:A,0) -> 0
A168: 1051 | B168: 24 | C168: Feminino | D168: Qualidade | E168: Inspetor | F168: 2º Turno | G168: 92 | H168: 4424 | I168: Carlos | J168: 42954 | K168: 38 | L168: Sim | M168: 15 | N168: 1 | O168: 4 | P168: Não | Q168: 3 | R168: 46174 | T168: =TEXT($J168,"ddd") -> seg | U168: =TEXT($J168,"mmm") -> ago | V168: =YEAR(J168) -> 2017 | W168: =_xlfn.XLOOKUP(A168,Absenteismo!A:A,Absenteismo!A:A,0) -> 1051
A169: 1080 | B169: 24 | C169: Feminino | D169: Soldagem | E169: Operador | F169: 3º Turno | G169: 39 | H169: 3037 | I169: Carlos | J169: 44760 | K169: 21 | L169: Sim | M169: 18 | N169: 5 | O169: 4 | P169: Não | Q169: 3 | R169: 46174 | T169: =TEXT($J169,"ddd") -> seg | U169: =TEXT($J169,"mmm") -> jul | V169: =YEAR(J169) -> 2022 | W169: =_xlfn.XLOOKUP(A169,Absenteismo!A:A,Absenteismo!A:A,0) -> 1080
A170: 1092 | B170: 24 | C170: Masculino | D170: Pintura | E170: Operador | F170: 2º Turno | G170: 5 | H170: 5835 | I170: Fernanda | J170: 46041 | K170: 29 | L170: Sim | M170: 15 | N170: 5 | O170: 2 | P170: Não | Q170: 1 | R170: 46174 | T170: =TEXT($J170,"ddd") -> seg | U170: =TEXT($J170,"mmm") -> jan | V170: =YEAR(J170) -> 2026 | W170: =_xlfn.XLOOKUP(A170,Absenteismo!A:A,Absenteismo!A:A,0) -> 1092
A171: 1220 | B171: 24 | C171: Masculino | D171: Pintura | E171: Operador | F171: 2º Turno | G171: 41 | H171: 3350 | I171: Ricardo | J171: 44507 | K171: 3 | L171: Não | M171: 7 | N171: 0 | O171: 4 | P171: Não | Q171: 1 | R171: 46174 | T171: =TEXT($J171,"ddd") -> dom | U171: =TEXT($J171,"mmm") -> nov | V171: =YEAR(J171) -> 2021 | W171: =_xlfn.XLOOKUP(A171,Absenteismo!A:A,Absenteismo!A:A,0) -> 0
A172: 1263 | B172: 24 | C172: Feminino | D172: Montagem | E172: Operador | F172: 1º Turno | G172: 107 | H172: 4620 | I172: Fernanda | J172: 42760 | K172: 13 | L172: Não | M172: 23 | N172: 10 | O172: 2 | P172: Não | Q172: 2 | R172: 46174 | T172: =TEXT($J172,"ddd") -> qua | U172: =TEXT($J172,"mmm") -> jan | V172: =YEAR(J172) -> 2017 | W172: =_xlfn.XLOOKUP(A172,Absenteismo!A:A,Absenteismo!A:A,0) -> 1263
...

Sheet Absenteismo
A1: ID | B1: Idade | C1: Genero | D1: Area | E1: Cargo | F1: Turno | G1: FaltasAno | H1: Desligado | I1: Planta | J1: Data | K1: Data Ref | L1: Semana | M1: Mês | N1: Ano | O1: Desligamento | P1: Check
A2: 1968 | B2: 54 | C2: Feminino | D2: Qualidade | E2: Inspetor | F2: 3º Turno | G2: Medico | H2: Não | I2: 3 | J2: 46153 | K2: =DATE(YEAR(J2),MONTH(J2),1) -> 46143 | L2: =TEXT(J2,"ddd") -> seg | M2: =TEXT($J2,"mmm") -> mai | N2: =YEAR(J2) -> 2026 | P2: =CONCATENATE(A2,J2) -> 196846153
A3: 1968 | B3: 54 | C3: Feminino | D3: Qualidade | E3: Inspetor | F3: 3º Turno | G3: Medico | H3: Não | I3: 3 | J3: 46173 | K3: =DATE(YEAR(J3),MONTH(J3),1) -> 46143 | L3: dom | M3: mai | N3: 2025 | P3: =CONCATENATE(A3,J3) -> 196846173
A4: 1972 | B4: 49 | C4: Feminino | D4: Montagem | E4: Operador | F4: 3º Turno | G4: Medico | H4: Não | I4: 3 | J4: 46157 | K4: =DATE(YEAR(J4),MONTH(J4),1) -> 46143 | L4: =TEXT(J4,"ddd") -> sex | M4: =TEXT($J4,"mmm") -> mai | N4: =YEAR(J4) -> 2026 | P4: =CONCATENATE(A4,J4) -> 197246157
A5: 1972 | B5: 49 | C5: Feminino | D5: Montagem | E5: Operador | F5: 3º Turno | G5: Medico | H5: Não | I5: 3 | J5: 46138 | K5: =DATE(YEAR(J5),MONTH(J5),1) -> 46113 | L5: qui | M5: mai | N5: 2025 | P5: =CONCATENATE(A5,J5) -> 197246138
A6: 1976 | B6: 38 | C6: Feminino | D6: Qualidade | E6: Analista | F6: 3º Turno | G6: Medico | H6: Não | I6: 2 | J6: 46181 | K6: =DATE(YEAR(J6),MONTH(J6),1) -> 46174 | L6: =TEXT(J6,"ddd") -> seg | M6: =TEXT($J6,"mmm") -> jun | N6: =YEAR(J6) -> 2026 | P6: =CONCATENATE(A6,J6) -> 197646181
A7: 1976 | B7: 38 | C7: Feminino | D7: Qualidade | E7: Analista | F7: 3º Turno | G7: Medico | H7: Não | I7: 2 | J7: 46173 | K7: =DATE(YEAR(J7),MONTH(J7),1) -> 46143 | L7: =TEXT(J7,"ddd") -> dom | M7: =TEXT($J7,"mmm") -> mai | N7: =YEAR(J7) -> 2026 | P7: =CONCATENATE(A7,J7) -> 197646173
A8: 1976 | B8: 38 | C8: Feminino | D8: Qualidade | E8: Analista | F8: 3º Turno | G8: Medico | H8: Não | I8: 2 | J8: 46130 | K8: =DATE(YEAR(J8),MONTH(J8),1) -> 46113 | L8: sex | M8: abr | N8: 2025 | P8: =CONCATENATE(A8,J8) -> 197646130
A9: 1976 | B9: 38 | C9: Feminino | D9: Qualidade | E9: Analista | F9: 3º Turno | G9: Medico | H9: Não | I9: 2 | J9: 46150 | K9: =DATE(YEAR(J9),MONTH(J9),1) -> 46143 | L9: qui | M9: mai | N9: 2025 | P9: =CONCATENATE(A9,J9) -> 197646150
A10: 1977 | B10: 27 | C10: Masculino | D10: Qualidade | E10: Analista | F10: 3º Turno | G10: Medico | H10: Não | I10: 3 | J10: 46138 | K10: =DATE(YEAR(J10),MONTH(J10),1) -> 46113 | L10: =TEXT(J10,"ddd") -> dom | M10: =TEXT($J10,"mmm") -> abr | N10: =YEAR(J10) -> 2026 | P10: =CONCATENATE(A10,J10) -> 197746138
A11: 1977 | B11: 27 | C11: Masculino | D11: Qualidade | E11: Analista | F11: 3º Turno | G11: Medico | H11: Não | I11: 3 | J11: 46170 | K11: =DATE(YEAR(J11),MONTH(J11),1) -> 46143 | L11: =TEXT(J11,"ddd") -> qui | M11: =TEXT($J11,"mmm") -> mai | N11: =YEAR(J11) -> 2026 | P11: =CONCATENATE(A11,J11) -> 197746170
A12: 1977 | B12: 27 | C12: Masculino | D12: Qualidade | E12: Analista | F12: 3º Turno | G12: Medico | H12: Não | I12: 3 | J12: 46164 | K12: =DATE(YEAR(J12),MONTH(J12),1) -> 46143 | L12: qui | M12: mai | N12: 2025 | P12: =CONCATENATE(A12,J12) -> 197746164
A13: 1977 | B13: 27 | C13: Masculino | D13: Qualidade | E13: Analista | F13: 3º Turno | G13: Medico | H13: Não | I13: 3 | J13: 46168 | K13: =DATE(YEAR(J13),MONTH(J13),1) -> 46143 | L13: seg | M13: mai | N13: 2025 | P13: =CONCATENATE(A13,J13) -> 197746168
A14: 1980 | B14: 24 | C14: Feminino | D14: Soldagem | E14: Operador | F14: 3º Turno | G14: Medico | H14: Não | I14: 2 | J14: 46134 | K14: =DATE(YEAR(J14),MONTH(J14),1) -> 46113 | L14: =TEXT(J14,"ddd") -> qua | M14: =TEXT($J14,"mmm") -> abr | N14: =YEAR(J14) -> 2026 | P14: =CONCATENATE(A14,J14) -> 198046134
A15: 1980 | B15: 24 | C15: Feminino | D15: Soldagem | E15: Operador | F15: 3º Turno | G15: Medico | H15: Não | I15: 2 | J15: 46173 | K15: =DATE(YEAR(J15),MONTH(J15),1) -> 46143 | L15: ter | M15: abr | N15: 2025 | P15: =CONCATENATE(A15,J15) -> 198046173
A16: 1983 | B16: 37 | C16: Masculino | D16: Pintura | E16: Operador | F16: 2º Turno | G16: Medico | H16: Não | I16: 3 | J16: 46170 | K16: =DATE(YEAR(J16),MONTH(J16),1) -> 46143 | L16: =TEXT(J16,"ddd") -> qui | M16: =TEXT($J16,"mmm") -> mai | N16: =YEAR(J16) -> 2026 | P16: =CONCATENATE(A16,J16) -> 198346170
A17: 1983 | B17: 37 | C17: Masculino | D17: Pintura | E17: Operador | F17: 2º Turno | G17: Medico | H17: Não | I17: 3 | J17: 46138 | K17: =DATE(YEAR(J17),MONTH(J17),1) -> 46113 | L17: =TEXT(J17,"ddd") -> dom | M17: =TEXT($J17,"mmm") -> abr | N17: =YEAR(J17) -> 2026 | P17: =CONCATENATE(A17,J17) -> 198346138
A18: 1983 | B18: 37 | C18: Masculino | D18: Pintura | E18: Operador | F18: 2º Turno | G18: Medico | H18: Não | I18: 3 | J18: 46156 | K18: =DATE(YEAR(J18),MONTH(J18),1) -> 46143 | L18: qua | M18: mai | N18: 2025 | P18: =CONCATENATE(A18,J18) -> 198346156
A19: 1983 | B19: 37 | C19: Masculino | D19: Pintura | E19: Operador | F19: 2º Turno | G19: Medico | H19: Não | I19: 3 | J19: 46173 | K19: =DATE(YEAR(J19),MONTH(J19),1) -> 46143 | L19: sáb | M19: mai | N19: 2025 | P19: =CONCATENATE(A19,J19) -> 198346173
A20: 1986 | B20: 20 | C20: Masculino | D20: Logistica | E20: Operador | F20: 1º Turno | G20: Medico | H20: Não | I20: 1 | J20: 46170 | K20: =DATE(YEAR(J20),MONTH(J20),1) -> 46143 | L20: =TEXT(J20,"ddd") -> qui | M20: =TEXT($J20,"mmm") -> mai | N20: =YEAR(J20) -> 2026 | P20: =CONCATENATE(A20,J20) -> 198646170
A21: 1986 | B21: 20 | C21: Masculino | D21: Logistica | E21: Operador | F21: 1º Turno | G21: Medico | H21: Não | I21: 1 | J21: 46123 | K21: =DATE(YEAR(J21),MONTH(J21),1) -> 46113 | L21: sex | M21: abr | N21: 2025 | P21: =CONCATENATE(A21,J21) -> 198646123
A22: 1988 | B22: 39 | C22: Feminino | D22: Soldagem | E22: Operador | F22: 1º Turno | G22: Medico | H22: Não | I22: 1 | J22: 46173 | K22: =DATE(YEAR(J22),MONTH(J22),1) -> 46143 | L22: =TEXT(J22,"ddd") -> dom | M22: =TEXT($J22,"mmm") -> mai | N22: =YEAR(J22) -> 2026 | P22: =CONCATENATE(A22,J22) -> 198846173
A23: 1988 | B23: 39 | C23: Feminino | D23: Soldagem | E23: Operador | F23: 1º Turno | G23: Medico | H23: Não | I23: 1 | J23: 46170 | K23: =DATE(YEAR(J23),MONTH(J23),1) -> 46143 | L23: =TEXT(J23,"ddd") -> qui | M23: =TEXT($J23,"mmm") -> mai | N23: =YEAR(J23) -> 2026 | P23: =CONCATENATE(A23,J23) -> 198846170
A24: 1988 | B24: 39 | C24: Feminino | D24: Soldagem | E24: Operador | F24: 1º Turno | G24: Medico | H24: Não | I24: 1 | J24: 46138 | K24: =DATE(YEAR(J24),MONTH(J24),1) -> 46113 | L24: =TEXT(J24,"ddd") -> dom | M24: =TEXT($J24,"mmm") -> abr | N24: =YEAR(J24) -> 2026 | P24: =CONCATENATE(A24,J24) -> 198846138
A25: 1988 | B25: 39 | C25: Feminino | D25: Soldagem | E25: Operador | F25: 1º Turno | G25: Medico | H25: Não | I25: 1 | J25: 46131 | K25: =DATE(YEAR(J25),MONTH(J25),1) -> 46113 | L25: sáb | M25: abr | N25: 2025 | P25: =CONCATENATE(A25,J25) -> 198846131
A26: 1988 | B26: 39 | C26: Feminino | D26: Soldagem | E26: Operador | F26: 1º Turno | G26: Medico | H26: Não | I26: 1 | J26: 46135 | K26: =DATE(YEAR(J26),MONTH(J26),1) -> 46113 | L26: qua | M26: abr | N26: 2025 | P26: =CONCATENATE(A26,J26) -> 198846135
A27: 1988 | B27: 39 | C27: Feminino | D27: Soldagem | E27: Operador | F27: 1º Turno | G27: Medico | H27: Não | I27: 1 | J27: 46162 | K27: =DATE(YEAR(J27),MONTH(J27),1) -> 46143 | L27: ter | M27: mai | N27: 2025 | P27: =CONCATENATE(A27,J27) -> 198846162
A28: 1991 | B28: 49 | C28: Feminino | D28: Montagem | E28: Operador | F28: 3º Turno | G28: Medico | H28: Não | I28: 1 | J28: 46055 | K28: =DATE(YEAR(J28),MONTH(J28),1) -> 46054 | L28: =TEXT(J28,"ddd") -> seg | M28: =TEXT($J28,"mmm") -> fev | N28: =YEAR(J28) -> 2026 | P28: =CONCATENATE(A28,J28) -> 199146055
A29: 1991 | B29: 49 | C29: Feminino | D29: Montagem | E29: Operador | F29: 3º Turno | G29: Medico | H29: Não | I29: 1 | J29: 46165 | K29: =DATE(YEAR(J29),MONTH(J29),1) -> 46143 | L29: sex | M29: mai | N29: 2025 | P29: =CONCATENATE(A29,J29) -> 199146165
A30: 1994 | B30: 26 | C30: Feminino | D30: Montagem | E30: Operador | F30: 3º Turno | G30: Medico | H30: Não | I30: 3 | J30: 46124 | K30: =DATE(YEAR(J30),MONTH(J30),1) -> 46113 | L30: =TEXT(J30,"ddd") -> dom | M30: =TEXT($J30,"mmm") -> abr | N30: =YEAR(J30) -> 2026 | P30: =CONCATENATE(A30,J30) -> 199446124
A31: 1994 | B31: 26 | C31: Feminino | D31: Montagem | E31: Operador | F31: 3º Turno | G31: Medico | H31: Não | I31: 3 | J31: 46165 | K31: =DATE(YEAR(J31),MONTH(J31),1) -> 46143 | L31: =TEXT(J31,"ddd") -> sáb | M31: =TEXT($J31,"mmm") -> mai | N31: =YEAR(J31) -> 2026 | P31: =CONCATENATE(A31,J31) -> 199446165
A32: 1994 | B32: 26 | C32: Feminino | D32: Montagem | E32: Operador | F32: 3º Turno | G32: Medico | H32: Não | I32: 3 | J32: 46173 | K32: =DATE(YEAR(J32),MONTH(J32),1) -> 46143 | L32: sáb | M32: abr | N32: 2025 | P32: =CONCATENATE(A32,J32) -> 199446173
A33: 1994 | B33: 26 | C33: Feminino | D33: Montagem | E33: Operador | F33: 3º Turno | G33: Medico | H33: Não | I33: 3 | J33: 46174 | K33: =DATE(YEAR(J33),MONTH(J33),1) -> 46174 | L33: sex | M33: mai | N33: 2025 | P33: =CONCATENATE(A33,J33) -> 199446174
A34: 1995 | B34: 52 | C34: Masculino | D34: Logistica | E34: Operador | F34: 1º Turno | G34: Medico | H34: Não | I34: 2 | J34: 46201 | K34: =DATE(YEAR(J34),MONTH(J34),1) -> 46174 | L34: =TEXT(J34,"ddd") -> dom | M34: =TEXT($J34,"mmm") -> jun | N34: =YEAR(J34) -> 2026 | P34: =CONCATENATE(A34,J34) -> 199546201
A35: 1995 | B35: 52 | C35: Masculino | D35: Logistica | E35: Operador | F35: 1º Turno | G35: Medico | H35: Não | I35: 2 | J35: 46162 | K35: =DATE(YEAR(J35),MONTH(J35),1) -> 46143 | L35: ter | M35: mai | N35: 2025 | P35: =CONCATENATE(A35,J35) -> 199546162
A36: 1997 | B36: 32 | C36: Feminino | D36: Pintura | E36: Operador | F36: 3º Turno | G36: Medico | H36: Não | I36: 2 | J36: 46129 | K36: =DATE(YEAR(J36),MONTH(J36),1) -> 46113 | L36: =TEXT(J36,"ddd") -> sex | M36: =TEXT($J36,"mmm") -> abr | N36: =YEAR(J36) -> 2026 | P36: =CONCATENATE(A36,J36) -> 199746129
A37: 1997 | B37: 32 | C37: Feminino | D37: Pintura | E37: Operador | F37: 3º Turno | G37: Medico | H37: Não | I37: 2 | J37: 46174 | K37: =DATE(YEAR(J37),MONTH(J37),1) -> 46174 | L37: =TEXT(J37,"ddd") -> seg | M37: =TEXT($J37,"mmm") -> jun | N37: =YEAR(J37) -> 2026 | P37: =CONCATENATE(A37,J37) -> 199746174
A38: 1997 | B38: 32 | C38: Feminino | D38: Pintura | E38: Operador | F38: 3º Turno | G38: Medico | H38: Não | I38: 2 | J38: 46173 | K38: =DATE(YEAR(J38),MONTH(J38),1) -> 46143 | L38: =TEXT(J38,"ddd") -> dom | M38: =TEXT($J38,"mmm") -> mai | N38: =YEAR(J38) -> 2026 | P38: =CONCATENATE(A38,J38) -> 199746173
A39: 1997 | B39: 32 | C39: Feminino | D39: Pintura | E39: Operador | F39: 3º Turno | G39: Medico | H39: Não | I39: 2 | J39: 46201 | K39: =DATE(YEAR(J39),MONTH(J39),1) -> 46174 | L39: qui | M39: abr | N39: 2025 | P39: =CONCATENATE(A39,J39) -> 199746201
A40: 1997 | B40: 32 | C40: Feminino | D40: Pintura | E40: Operador | F40: 3º Turno | G40: Medico | H40: Não | I40: 2 | J40: 46159 | K40: =DATE(YEAR(J40),MONTH(J40),1) -> 46143 | L40: sáb | M40: mai | N40: 2025 | P40: =CONCATENATE(A40,J40) -> 199746159
A41: 1997 | B41: 32 | C41: Feminino | D41: Pintura | E41: Operador | F41: 3º Turno | G41: Medico | H41: Não | I41: 2 | J41: 46169 | K41: =DATE(YEAR(J41),MONTH(J41),1) -> 46143 | L41: ter | M41: mai | N41: 2025 | P41: =CONCATENATE(A41,J41) -> 199746169
A42: 1999 | B42: 56 | C42: Masculino | D42: Soldagem | E42: Operador | F42: 3º Turno | G42: Medico | H42: Não | I42: 1 | J42: 46194 | K42: =DATE(YEAR(J42),MONTH(J42),1) -> 46174 | L42: =TEXT(J42,"ddd") -> dom | M42: =TEXT($J42,"mmm") -> jun | N42: =YEAR(J42) -> 2026 | P42: =CONCATENATE(A42,J42) -> 199946194
A43: 1999 | B43: 56 | C43: Masculino | D43: Soldagem | E43: Operador | F43: 3º Turno | G43: Medico | H43: Não | I43: 1 | J43: 46188 | K43: =DATE(YEAR(J43),MONTH(J43),1) -> 46174 | L43: =TEXT(J43,"ddd") -> seg | M43: =TEXT($J43,"mmm") -> jun | N43: =YEAR(J43) -> 2026 | P43: =CONCATENATE(A43,J43) -> 199946188
A44: 1999 | B44: 56 | C44: Masculino | D44: Soldagem | E44: Operador | F44: 3º Turno | G44: Medico | H44: Não | I44: 1 | J44: 46174 | K44: =DATE(YEAR(J44),MONTH(J44),1) -> 46174 | L44: =TEXT(J44,"ddd") -> seg | M44: =TEXT($J44,"mmm") -> jun | N44: =YEAR(J44) -> 2026 | P44: =CONCATENATE(A44,J44) -> 199946174
A45: 1999 | B45: 56 | C45: Masculino | D45: Soldagem | E45: Operador | F45: 3º Turno | G45: Medico | H45: Não | I45: 1 | J45: 46131 | K45: =DATE(YEAR(J45),MONTH(J45),1) -> 46113 | L45: sáb | M45: abr | N45: 2025 | P45: =CONCATENATE(A45,J45) -> 199946131
A46: 1999 | B46: 56 | C46: Masculino | D46: Soldagem | E46: Operador | F46: 3º Turno | G46: Medico | H46: Não | I46: 1 | J46: 46201 | K46: =DATE(YEAR(J46),MONTH(J46),1) -> 46174 | L46: seg | M46: abr | N46: 2025 | P46: =CONCATENATE(A46,J46) -> 199946201
A47: 1999 | B47: 56 | C47: Masculino | D47: Soldagem | E47: Operador | F47: 3º Turno | G47: Medico | H47: Não | I47: 1 | J47: 46154 | K47: =DATE(YEAR(J47),MONTH(J47),1) -> 46143 | L47: seg | M47: mai | N47: 2025 | P47: =CONCATENATE(A47,J47) -> 199946154
A48: 2001 | B48: 48 | C48: Feminino | D48: Montagem | E48: Operador | F48: 1º Turno | G48: Medico | H48: Não | I48: 3 | J48: 46173 | K48: =DATE(YEAR(J48),MONTH(J48),1) -> 46143 | L48: =TEXT(J48,"ddd") -> dom | M48: =TEXT($J48,"mmm") -> mai | N48: =YEAR(J48) -> 2026 | P48: =CONCATENATE(A48,J48) -> 200146173
A49: 2001 | B49: 48 | C49: Feminino | D49: Montagem | E49: Operador | F49: 1º Turno | G49: Medico | H49: Não | I49: 3 | J49: 46148 | K49: =DATE(YEAR(J49),MONTH(J49),1) -> 46143 | L49: ter | M49: mai | N49: 2025 | P49: =CONCATENATE(A49,J49) -> 200146148
A50: 2002 | B50: 53 | C50: Masculino | D50: Pintura | E50: Operador | F50: 2º Turno | G50: Medico | H50: Não | I50: 3 | J50: 46166 | K50: =DATE(YEAR(J50),MONTH(J50),1) -> 46143 | L50: =TEXT(J50,"ddd") -> dom | M50: =TEXT($J50,"mmm") -> mai | N50: =YEAR(J50) -> 2026 | P50: =CONCATENATE(A50,J50) -> 200246166
A51: 2002 | B51: 53 | C51: Masculino | D51: Pintura | E51: Operador | F51: 2º Turno | G51: Medico | H51: Não | I51: 3 | J51: 46194 | K51: =DATE(YEAR(J51),MONTH(J51),1) -> 46174 | L51: =TEXT(J51,"ddd") -> dom | M51: =TEXT($J51,"mmm") -> jun | N51: =YEAR(J51) -> 2026 | P51: =CONCATENATE(A51,J51) -> 200246194
A52: 2002 | B52: 53 | C52: Masculino | D52: Pintura | E52: Operador | F52: 2º Turno | G52: Medico | H52: Não | I52: 3 | J52: 46201 | K52: =DATE(YEAR(J52),MONTH(J52),1) -> 46174 | L52: sáb | M52: mai | N52: 2025 | P52: =CONCATENATE(A52,J52) -> 200246201
A53: 2002 | B53: 53 | C53: Masculino | D53: Pintura | E53: Operador | F53: 2º Turno | G53: Medico | H53: Não | I53: 3 | J53: 46167 | K53: =DATE(YEAR(J53),MONTH(J53),1) -> 46143 | L53: dom | M53: mai | N53: 2025 | P53: =CONCATENATE(A53,J53) -> 200246167
A54: 2006 | B54: 41 | C54: Masculino | D54: Pintura | E54: Operador | F54: 3º Turno | G54: Medico | H54: Não | I54: 2 | J54: 46164 | K54: =DATE(YEAR(J54),MONTH(J54),1) -> 46143 | L54: =TEXT(J54,"ddd") -> sex | M54: =TEXT($J54,"mmm") -> mai | N54: =YEAR(J54) -> 2026 | P54: =CONCATENATE(A54,J54) -> 200646164
A55: 2006 | B55: 41 | C55: Masculino | D55: Pintura | E55: Operador | F55: 3º Turno | G55: Medico | H55: Não | I55: 2 | J55: 46144 | K55: =DATE(YEAR(J55),MONTH(J55),1) -> 46143 | L55: sex | M55: mai | N55: 2025 | P55: =CONCATENATE(A55,J55) -> 200646144
A56: 2007 | B56: 45 | C56: Masculino | D56: Pintura | E56: Operador | F56: 2º Turno | G56: Medico | H56: Não | I56: 2 | J56: 46144 | K56: =DATE(YEAR(J56),MONTH(J56),1) -> 46143 | L56: =TEXT(J56,"ddd") -> sáb | M56: =TEXT($J56,"mmm") -> mai | N56: =YEAR(J56) -> 2026 | P56: =CONCATENATE(A56,J56) -> 200746144
A57: 2007 | B57: 45 | C57: Masculino | D57: Pintura | E57: Operador | F57: 2º Turno | G57: Medico | H57: Não | I57: 2 | J57: 46201 | K57: =DATE(YEAR(J57),MONTH(J57),1) -> 46174 | L57: =TEXT(J57,"ddd") -> dom | M57: =TEXT($J57,"mmm") -> jun | N57: =YEAR(J57) -> 2026 | P57: =CONCATENATE(A57,J57) -> 200746201
A58: 2007 | B58: 45 | C58: Masculino | D58: Pintura | E58: Operador | F58: 2º Turno | G58: Medico | H58: Não | I58: 2 | J58: 46173 | K58: =DATE(YEAR(J58),MONTH(J58),1) -> 46143 | L58: sex | M58: mai | N58: 2025 | P58: =CONCATENATE(A58,J58) -> 200746173
A59: 2007 | B59: 45 | C59: Masculino | D59: Pintura | E59: Operador | F59: 2º Turno | G59: Medico | H59: Não | I59: 2 | J59: 46156 | K59: =DATE(YEAR(J59),MONTH(J59),1) -> 46143 | L59: qua | M59: mai | N59: 2025 | P59: =CONCATENATE(A59,J59) -> 200746156
A60: 2008 | B60: 37 | C60: Feminino | D60: Montagem | E60: Operador | F60: 3º Turno | G60: Medico | H60: Não | I60: 2 | J60: 46148 | K60: =DATE(YEAR(J60),MONTH(J60),1) -> 46143 | L60: =TEXT(J60,"ddd") -> qua | M60: =TEXT($J60,"mmm") -> mai | N60: =YEAR(J60) -> 2026 | P60: =CONCATENATE(A60,J60) -> 200846148
A61: 2008 | B61: 37 | C61: Feminino | D61: Montagem | E61: Operador | F61: 3º Turno | G61: Medico | H61: Não | I61: 2 | J61: 46194 | K61: =DATE(YEAR(J61),MONTH(J61),1) -> 46174 | L61: ter | M61: mai | N61: 2025 | P61: =CONCATENATE(A61,J61) -> 200846194
A62: 2010 | B62: 20 | C62: Masculino | D62: Montagem | E62: Operador | F62: 1º Turno | G62: Medico | H62: Não | I62: 3 | J62: 46123 | K62: =DATE(YEAR(J62),MONTH(J62),1) -> 46113 | L62: =TEXT(J62,"ddd") -> sáb | M62: =TEXT($J62,"mmm") -> abr | N62: =YEAR(J62) -> 2026 | P62: =CONCATENATE(A62,J62) -> 201046123
A63: 2010 | B63: 20 | C63: Masculino | D63: Montagem | E63: Operador | F63: 1º Turno | G63: Medico | H63: Não | I63: 3 | J63: 46184 | K63: =DATE(YEAR(J63),MONTH(J63),1) -> 46174 | L63: =TEXT(J63,"ddd") -> qui | M63: =TEXT($J63,"mmm") -> jun | N63: =YEAR(J63) -> 2026 | P63: =CONCATENATE(A63,J63) -> 201046184
A64: 2010 | B64: 20 | C64: Masculino | D64: Montagem | E64: Operador | F64: 1º Turno | G64: Medico | H64: Não | I64: 3 | J64: 46194 | K64: =DATE(YEAR(J64),MONTH(J64),1) -> 46174 | L64: sex | M64: abr | N64: 2025 | P64: =CONCATENATE(A64,J64) -> 201046194
A65: 2010 | B65: 20 | C65: Masculino | D65: Montagem | E65: Operador | F65: 1º Turno | G65: Medico | H65: Não | I65: 3 | J65: 46170 | K65: =DATE(YEAR(J65),MONTH(J65),1) -> 46143 | L65: qua | M65: mai | N65: 2025 | P65: =CONCATENATE(A65,J65) -> 201046170
A66: 2011 | B66: 38 | C66: Feminino | D66: Logistica | E66: Operador | F66: 3º Turno | G66: Medico | H66: Não | I66: 2 | J66: 46173 | K66: =DATE(YEAR(J66),MONTH(J66),1) -> 46143 | L66: =TEXT(J66,"ddd") -> dom | M66: =TEXT($J66,"mmm") -> mai | N66: =YEAR(J66) -> 2026 | P66: =CONCATENATE(A66,J66) -> 201146173
A67: 2011 | B67: 38 | C67: Feminino | D67: Logistica | E67: Operador | F67: 3º Turno | G67: Medico | H67: Não | I67: 2 | J67: 46130 | K67: =DATE(YEAR(J67),MONTH(J67),1) -> 46113 | L67: sex | M67: abr | N67: 2025 | P67: =CONCATENATE(A67,J67) -> 201146130
A68: 2013 | B68: 40 | C68: Masculino | D68: Pintura | E68: Operador | F68: 3º Turno | G68: Medico | H68: Não | I68: 3 | J68: 46194 | K68: =DATE(YEAR(J68),MONTH(J68),1) -> 46174 | L68: =TEXT(J68,"ddd") -> dom | M68: =TEXT($J68,"mmm") -> jun | N68: =YEAR(J68) -> 2026 | P68: =CONCATENATE(A68,J68) -> 201346194
A69: 2013 | B69: 40 | C69: Masculino | D69: Pintura | E69: Operador | F69: 3º Turno | G69: Medico | H69: Não | I69: 3 | J69: 46162 | K69: =DATE(YEAR(J69),MONTH(J69),1) -> 46143 | L69: ter | M69: mai | N69: 2025 | P69: =CONCATENATE(A69,J69) -> 201346162
A70: 2014 | B70: 22 | C70: Feminino | D70: Qualidade | E70: Inspetor | F70: 2º Turno | G70: Medico | H70: Não | I70: 2 | J70: 46184 | K70: =DATE(YEAR(J70),MONTH(J70),1) -> 46174 | L70: =TEXT(J70,"ddd") -> qui | M70: =TEXT($J70,"mmm") -> jun | N70: =YEAR(J70) -> 2026 | P70: =CONCATENATE(A70,J70) -> 201446184
A71: 2014 | B71: 22 | C71: Feminino | D71: Qualidade | E71: Inspetor | F71: 2º Turno | G71: Medico | H71: Não | I71: 2 | J71: 46164 | K71: =DATE(YEAR(J71),MONTH(J71),1) -> 46143 | L71: qui | M71: mai | N71: 2025 | P71: =CONCATENATE(A71,J71) -> 201446164
A72: 2016 | B72: 21 | C72: Masculino | D72: Logistica | E72: Operador | F72: 1º Turno | G72: Medico | H72: Não | I72: 3 | J72: 46166 | K72: =DATE(YEAR(J72),MONTH(J72),1) -> 46143 | L72: =TEXT(J72,"ddd") -> dom | M72: =TEXT($J72,"mmm") -> mai | N72: =YEAR(J72) -> 2026 | P72: =CONCATENATE(A72,J72) -> 201646166
A73: 2016 | B73: 21 | C73: Masculino | D73: Logistica | E73: Operador | F73: 1º Turno | G73: Medico | H73: Não | I73: 3 | J73: 46201 | K73: =DATE(YEAR(J73),MONTH(J73),1) -> 46174 | L73: sáb | M73: mai | N73: 2025 | P73: =CONCATENATE(A73,J73) -> 201646201
A74: 2018 | B74: 29 | C74: Feminino | D74: Montagem | E74: Operador | F74: 2º Turno | G74: Medico | H74: Não | I74: 2 | J74: 46173 | K74: =DATE(YEAR(J74),MONTH(J74),1) -> 46143 | L74: =TEXT(J74,"ddd") -> dom | M74: =TEXT($J74,"mmm") -> mai | N74: =YEAR(J74) -> 2026 | P74: =CONCATENATE(A74,J74) -> 201846173
A75: 2018 | B75: 29 | C75: Feminino | D75: Montagem | E75: Operador | F75: 2º Turno | G75: Medico | H75: Não | I75: 2 | J75: 46154 | K75: =DATE(YEAR(J75),MONTH(J75),1) -> 46143 | L75: seg | M75: mai | N75: 2025 | P75: =CONCATENATE(A75,J75) -> 201846154
A76: 2021 | B76: 42 | C76: Masculino | D76: Logistica | E76: Operador | F76: 3º Turno | G76: Medico | H76: Não | I76: 3 | J76: 46128 | K76: =DATE(YEAR(J76),MONTH(J76),1) -> 46113 | L76: =TEXT(J76,"ddd") -> qui | M76: =TEXT($J76,"mmm") -> abr | N76: =YEAR(J76) -> 2026 | P76: =CONCATENATE(A76,J76) -> 202146128
A77: 2021 | B77: 42 | C77: Masculino | D77: Logistica | E77: Operador | F77: 3º Turno | G77: Medico | H77: Não | I77: 3 | J77: 46132 | K77: =DATE(YEAR(J77),MONTH(J77),1) -> 46113 | L77: =TEXT(J77,"ddd") -> seg | M77: =TEXT($J77,"mmm") -> abr | N77: =YEAR(J77) -> 2026 | P77: =CONCATENATE(A77,J77) -> 202146132
A78: 2021 | B78: 42 | C78: Masculino | D78: Logistica | E78: Operador | F78: 3º Turno | G78: Medico | H78: Não | I78: 3 | J78: 46182 | K78: =DATE(YEAR(J78),MONTH(J78),1) -> 46174 | L78: qua | M78: abr | N78: 2025 | P78: =CONCATENATE(A78,J78) -> 202146182
A79: 2021 | B79: 42 | C79: Masculino | D79: Logistica | E79: Operador | F79: 3º Turno | G79: Medico | H79: Não | I79: 3 | J79: 46201 | K79: =DATE(YEAR(J79),MONTH(J79),1) -> 46174 | L79: dom | M79: abr | N79: 2025 | P79: =CONCATENATE(A79,J79) -> 202146201
A80: 2023 | B80: 57 | C80: Feminino | D80: Soldagem | E80: Operador | F80: 1º Turno | G80: Medico | H80: Não | I80: 1 | J80: 46169 | K80: =DATE(YEAR(J80),MONTH(J80),1) -> 46143 | L80: =TEXT(J80,"ddd") -> qua | M80: =TEXT($J80,"mmm") -> mai | N80: =YEAR(J80) -> 2026 | P80: =CONCATENATE(A80,J80) -> 202346169
A81: 2023 | B81: 57 | C81: Feminino | D81: Soldagem | E81: Operador | F81: 1º Turno | G81: Medico | H81: Não | I81: 1 | J81: 46167 | K81: =DATE(YEAR(J81),MONTH(J81),1) -> 46143 | L81: ter | M81: mai | N81: 2025 | P81: =CONCATENATE(A81,J81) -> 202346167
A82: 2024 | B82: 33 | C82: Masculino | D82: Pintura | E82: Operador | F82: 3º Turno | G82: Medico | H82: Não | I82: 2 | J82: 46150 | K82: =DATE(YEAR(J82),MONTH(J82),1) -> 46143 | L82: =TEXT(J82,"ddd") -> sex | M82: =TEXT($J82,"mmm") -> mai | N82: =YEAR(J82) -> 2026 | P82: =CONCATENATE(A82,J82) -> 202446150
A83: 2024 | B83: 33 | C83: Masculino | D83: Pintura | E83: Operador | F83: 3º Turno | G83: Medico | H83: Não | I83: 2 | J83: 46201 | K83: =DATE(YEAR(J83),MONTH(J83),1) -> 46174 | L83: =TEXT(J83,"ddd") -> dom | M83: =TEXT($J83,"mmm") -> jun | N83: =YEAR(J83) -> 2026 | P83: =CONCATENATE(A83,J83) -> 202446201
A84: 2024 | B84: 33 | C84: Masculino | D84: Pintura | E84: Operador | F84: 3º Turno | G84: Medico | H84: Não | I84: 2 | J84: 46166 | K84: =DATE(YEAR(J84),MONTH(J84),1) -> 46143 | L84: =TEXT(J84,"ddd") -> dom | M84: =TEXT($J84,"mmm") -> mai | N84: =YEAR(J84) -> 2026 | P84: =CONCATENATE(A84,J84) -> 202446166
A85: 2024 | B85: 33 | C85: Masculino | D85: Pintura | E85: Operador | F85: 3º Turno | G85: Medico | H85: Não | I85: 2 | J85: 46173 | K85: =DATE(YEAR(J85),MONTH(J85),1) -> 46143 | L85: qui | M85: mai | N85: 2025 | P85: =CONCATENATE(A85,J85) -> 202446173
A86: 2024 | B86: 33 | C86: Masculino | D86: Pintura | E86: Operador | F86: 3º Turno | G86: Medico | H86: Não | I86: 2 | J86: 46158 | K86: =DATE(YEAR(J86),MONTH(J86),1) -> 46143 | L86: sex | M86: mai | N86: 2025 | P86: =CONCATENATE(A86,J86) -> 202446158
A87: 2024 | B87: 33 | C87: Masculino | D87: Pintura | E87: Operador | F87: 3º Turno | G87: Medico | H87: Não | I87: 2 | J87: 46182 | K87: =DATE(YEAR(J87),MONTH(J87),1) -> 46174 | L87: sáb | M87: mai | N87: 2025 | P87: =CONCATENATE(A87,J87) -> 202446182
A88: 2028 | B88: 41 | C88: Feminino | D88: Soldagem | E88: Operador | F88: 1º Turno | G88: Medico | H88: Não | I88: 3 | J88: 46158 | K88: =DATE(YEAR(J88),MONTH(J88),1) -> 46143 | L88: =TEXT(J88,"ddd") -> sáb | M88: =TEXT($J88,"mmm") -> mai | N88: =YEAR(J88) -> 2026 | P88: =CONCATENATE(A88,J88) -> 202846158
A89: 2028 | B89: 41 | C89: Feminino | D89: Soldagem | E89: Operador | F89: 1º Turno | G89: Medico | H89: Não | I89: 3 | J89: 46194 | K89: =DATE(YEAR(J89),MONTH(J89),1) -> 46174 | L89: sex | M89: mai | N89: 2025 | P89: =CONCATENATE(A89,J89) -> 202846194
A90: 2029 | B90: 36 | C90: Masculino | D90: Pintura | E90: Operador | F90: 1º Turno | G90: Medico | H90: Não | I90: 2 | J90: 46124 | K90: =DATE(YEAR(J90),MONTH(J90),1) -> 46113 | L90: =TEXT(J90,"ddd") -> dom | M90: =TEXT($J90,"mmm") -> abr | N90: =YEAR(J90) -> 2026 | P90: =CONCATENATE(A90,J90) -> 202946124
A91: 2029 | B91: 36 | C91: Masculino | D91: Pintura | E91: Operador | F91: 1º Turno | G91: Medico | H91: Não | I91: 2 | J91: 46167 | K91: =DATE(YEAR(J91),MONTH(J91),1) -> 46143 | L91: sáb | M91: abr | N91: 2025 | P91: =CONCATENATE(A91,J91) -> 202946167
A92: 2030 | B92: 27 | C92: Masculino | D92: Montagem | E92: Operador | F92: 2º Turno | G92: Medico | H92: Não | I92: 1 | J92: 46122 | K92: =DATE(YEAR(J92),MONTH(J92),1) -> 46113 | L92: =TEXT(J92,"ddd") -> sex | M92: =TEXT($J92,"mmm") -> abr | N92: =YEAR(J92) -> 2026 | P92: =CONCATENATE(A92,J92) -> 203046122
A93: 2030 | B93: 27 | C93: Masculino | D93: Montagem | E93: Operador | F93: 2º Turno | G93: Medico | H93: Não | I93: 1 | J93: 46182 | K93: =DATE(YEAR(J93),MONTH(J93),1) -> 46174 | L93: qui | M93: abr | N93: 2025 | P93: =CONCATENATE(A93,J93) -> 203046182
A94: 2033 | B94: 34 | C94: Feminino | D94: Soldagem | E94: Operador | F94: 1º Turno | G94: Medico | H94: Não | I94: 2 | J94: 46167 | K94: =DATE(YEAR(J94),MONTH(J94),1) -> 46143 | L94: =TEXT(J94,"ddd") -> seg | M94: =TEXT($J94,"mmm") -> mai | N94: =YEAR(J94) -> 2026 | P94: =CONCATENATE(A94,J94) -> 203346167
A95: 2033 | B95: 34 | C95: Feminino | D95: Soldagem | E95: Operador | F95: 1º Turno | G95: Medico | H95: Não | I95: 2 | J95: 46173 | K95: =DATE(YEAR(J95),MONTH(J95),1) -> 46143 | L95: sáb | M95: mai | N95: 2025 | P95: =CONCATENATE(A95,J95) -> 203346173
A96: 2034 | B96: 39 | C96: Feminino | D96: Logistica | E96: Operador | F96: 3º Turno | G96: Medico | H96: Não | I96: 2 | J96: 46173 | K96: =DATE(YEAR(J96),MONTH(J96),1) -> 46143 | L96: =TEXT(J96,"ddd") -> dom | M96: =TEXT($J96,"mmm") -> mai | N96: =YEAR(J96) -> 2026 | P96: =CONCATENATE(A96,J96) -> 203446173
A97: 2034 | B97: 39 | C97: Feminino | D97: Logistica | E97: Operador | F97: 3º Turno | G97: Medico | H97: Não | I97: 2 | J97: 46161 | K97: =DATE(YEAR(J97),MONTH(J97),1) -> 46143 | L97: seg | M97: mai | N97: 2025 | P97: =CONCATENATE(A97,J97) -> 203446161
A98: 2035 | B98: 30 | C98: Feminino | D98: Montagem | E98: Operador | F98: 2º Turno | G98: Medico | H98: Não | I98: 3 | J98: 46125 | K98: =DATE(YEAR(J98),MONTH(J98),1) -> 46113 | L98: =TEXT(J98,"ddd") -> seg | M98: =TEXT($J98,"mmm") -> abr | N98: =YEAR(J98) -> 2026 | P98: =CONCATENATE(A98,J98) -> 203546125
A99: 2035 | B99: 30 | C99: Feminino | D99: Montagem | E99: Operador | F99: 2º Turno | G99: Medico | H99: Não | I99: 3 | J99: 46194 | K99: =DATE(YEAR(J99),MONTH(J99),1) -> 46174 | L99: dom | M99: abr | N99: 2025 | P99: =CONCATENATE(A99,J99) -> 203546194
A100: 2036 | B100: 21 | C100: Masculino | D100: Montagem | E100: Operador | F100: 2º Turno | G100: Medico | H100: Não | I100: 2 | J100: 46167 | K100: =DATE(YEAR(J100),MONTH(J100),1) -> 46143 | L100: =TEXT(J100,"ddd") -> seg | M100: =TEXT($J100,"mmm") -> mai | N100: =YEAR(J100) -> 2026 | P100: =CONCATENATE(A100,J100) -> 203646167
...

Sheet Planilha1
C3: Planta | D3: (Tudo) | J3: Planta | K3: (Tudo)
C5: Contagem de ID | D5: Rótulos de Coluna | J5: Contagem de FaltasAno | K5: Rótulos de Coluna
C6: Rótulos de Linha | D6: 2025 | E6: 2026 | F6: Total Geral | J6: Rótulos de Linha | K6: 2025 | L6: 2026 | M6: Total Geral
C7: Afastamento | D7: 1429 | E7: 306 | F7: 1735 | J7: jan | K7: 148 | L7: 41 | M7: 189
C8: Ferias | D8: 430 | E8: 130 | F8: 560 | J8: fev | K8: 206 | L8: 333 | M8: 539
C9: Injustificada | D9: 69 | E9: 4 | F9: 73 | J9: mar | K9: 205 | L9: 365 | M9: 570
C10: Legal | D10: 158 | E10: 49 | F10: 207 | J10: abr | K10: 573 | L10: 279 | M10: 852
C11: Medico | D11: 2834 | E11: 1180 | F11: 4014 | J11: mai | K11: 706 | L11: 254 | M11: 960
C12: Outros | D12: 190 | E12: 40 | F12: 230 | J12: jun | K12: 509 | L12: 437 | M12: 946
C13: Total Geral | D13: 5110 | E13: 1709 | F13: 6819 | J13: jul | K13: 560 | M13: 560
J14: ago | K14: 482 | M14: 482
J15: set | K15: 447 | M15: 447
C16: Faltas Total | D16: =D15+D13 -> 5110 | E16: =E15+E13 -> 1709 | F16: =F15+F13 -> 6819 | J16: out | K16: 464 | M16: 464
J17: nov | K17: 439 | M17: 439
D18: 12 meses | E18: 6 meses | F18: 0.1 | J18: dez | K18: 371 | M18: 371
C19: Headcount | D19: 888 | E19: 888 | F19: 888 | J19: Total Geral | K19: 5110 | L19: 1709 | M19: 6819
C20: Dias | D20: 220 | E20: =D20/2 -> 110 | F20: =SUM(D20:E20) -> 330
C21: Available Days | D21: =D19*D20 -> 195360 | E21: =E19*E20 -> 97680 | F21: =F19*F20 -> 293040
C23: % Abs geral | D23: =D16/(D19*D20) -> 0.026156839 | E23: =E16/(E19*E20) -> 0.017495905 | F23: =(F13+F16)/(F19*F20) -> 0.046539722
C24: Abs | D24: =(D16-D8)/(D19*D20) -> 0.023955774 | E24: =(E16-E8)/(E19*E20) -> 0.016165029 | F24: =(F16-F8)/(F19*F20) -> 0.021358859
